Date,AAA_10Y
2019-01-02,0.2277731720193814
2019-01-03,0.2462275849487483
2019-01-04,0.2746611771045129
2019-01-07,0.2888748335790811
2019-01-08,0.3105817908749722
2019-01-09,0.3011134769877213
2019-01-10,0.2674735772420931
2019-01-11,0.2487008781019892
2019-01-14,0.2426070715739641
2019-01-15,0.2388592302140466
2019-01-16,0.2580422898655383
2019-01-17,0.2672090339938258
2019-01-18,0.2811071406436354
2019-01-21,0.2881681561761904
2019-01-22,0.2680802570460607
2019-01-23,0.2652459915527392
2019-01-24,0.2159525970341627
2019-01-25,0.2245224257989444
2019-01-28,0.2289868402934871
2019-01-29,0.2268015997158632
2019-01-30,0.2152586627451107
2019-01-31,0.1876074798881903
2019-02-01,0.1876056777856991
2019-02-04,0.2057848207517945
2019-02-05,0.2156275055677969
2019-02-06,0.1950841126159166
2019-02-07,0.1473309502632198
2019-02-08,0.1209066788765658
2019-02-11,0.1494672097430349
2019-02-12,0.1776718162281163
2019-02-13,0.1779687473438458
2019-02-14,0.1346361223007073
2019-02-15,0.1493039042508019
2019-02-18,0.156501247709333
2019-02-19,0.1541121528490903
2019-02-20,0.1454993038550047
2019-02-21,0.1839394969591405
2019-02-22,0.1479103895348381
2019-02-25,0.1583176480177206
2019-02-26,0.1601038119487405
2019-02-27,0.1967485204224011
2019-02-28,0.2281325209626938
2019-03-01,0.2549494461534891
2019-03-04,0.2247227033646335
2019-03-05,0.216517984050184
2019-03-06,0.1811138541074211
2019-03-07,0.1309803509597036
2019-03-08,0.1219710544043821
2019-03-11,0.1090820490458961
2019-03-12,0.1147251635682842
2019-03-13,0.1147251635682797
2019-03-14,0.1300044644419218
2019-03-15,0.1310416737271214
2019-03-18,0.1340795395141767
2019-03-19,0.1571049543599576
2019-03-20,0.1368180909245189
2019-03-21,0.0926855715652252
2019-03-22,0.0155754714761329
2019-03-25,0.032600052838323
2019-03-26,0.0280913337258392
2019-03-27,-0.0336564559057279
2019-03-28,-0.0232666246051294
2019-03-29,-0.0134294349958481
2019-04-01,0.0081585304100282
2019-04-02,0.0113446890750634
2019-04-03,0.055835304364467
2019-04-04,0.0442018633669638
2019-04-05,0.0499743692716569
2019-04-08,0.051849131345627
2019-04-09,0.0394865855229134
2019-04-10,0.0127112752718345
2019-04-11,0.0308424818041777
2019-04-12,0.090170766985913
2019-04-15,0.1150477302503643
2019-04-16,0.1072378389019834
2019-04-17,0.1274962291361352
2019-04-18,0.0725736382141772
2019-04-23,0.0845989246841316
2019-04-24,0.0390836468344439
2019-04-25,0.0391228593352925
2019-04-26,0.0304865472921314
2019-04-29,0.0561914214297303
2019-04-30,0.0761878544554783
2019-05-02,0.0593398053985803
2019-05-03,0.0651605071425143
2019-05-06,0.0617863578319615
2019-05-07,0.0193468238560781
2019-05-08,0.0019885055598809
2019-05-09,-0.0053698785817859
2019-05-10,0.0210306412591094
2019-05-13,-0.0012420114929847
2019-05-14,-0.0172238039155092
2019-05-15,-0.053947157757741
2019-05-16,-0.0280312101331166
2019-05-17,-0.0446204000615271
2019-05-20,-0.0279463745283292
2019-05-21,-0.0110129223581578
2019-05-22,-0.0156953901877687
2019-05-23,-0.050595377300898
2019-05-24,-0.0461320958908424
2019-05-27,-0.0727535517885158
2019-05-28,-0.0850865484653629
2019-05-29,-0.1100936805507961
2019-05-30,-0.0986345652019768
2019-05-31,-0.1317339566911721
2019-06-03,-0.1439480990346955
2019-06-04,-0.1462880655729286
2019-06-05,-0.1671417480833614
2019-06-06,-0.1668102519763499
2019-06-07,-0.2058512388002991
2019-06-10,-0.1615216772769203
2019-06-11,-0.1732442800768798
2019-06-12,-0.1754792559113274
2019-06-13,-0.184136216280125
2019-06-14,-0.192624006520115
2019-06-17,-0.1801843625105217
2019-06-18,-0.2541286667618458
2019-06-19,-0.2283185907642408
2019-06-20,-0.2589806351735197
2019-06-21,-0.220985780612763
2019-06-24,-0.236256178446395
2019-06-25,-0.2668973850955889
2019-06-26,-0.2551530776744495
2019-06-27,-0.2476540647390281
2019-06-28,-0.2588942841047439
2019-07-01,-0.2822507044178106
2019-07-02,-0.295684715854378
2019-07-03,-0.3233026522007147
2019-07-04,-0.3386541676528445
2019-07-05,-0.2811771411426611
2019-07-08,-0.3185665538172992
2019-07-09,-0.2828982478013682
2019-07-10,-0.2322518805097879
2019-07-11,-0.2050963058150006
2019-07-12,-0.1802300406916455
2019-07-15,-0.2239930439373068
2019-07-16,-0.2301979167969126
2019-07-17,-0.2663176698717433
2019-07-18,-0.2732295241437557
2019-07-19,-0.2942121540578526
2019-07-22,-0.308391021670733
2019-07-23,-0.3188229363477268
2019-07-24,-0.3556120516892473
2019-07-25,-0.3128483573934599
2019-07-26,-0.3435090809685244
2019-07-29,-0.3699780393391343
2019-07-30,-0.3727334858910356
2019-07-31,-0.3904594031654613
2019-08-01,-0.418788529351183
2019-08-02,-0.4522644373659639
2019-08-05,-0.4904111160493314
2019-08-06,-0.5044519797708062
2019-08-07,-0.5782931035842056
2019-08-08,-0.5273443492965746
2019-08-09,-0.5389426225725074
2019-08-12,-0.55705653084746
2019-08-13,-0.566503042976227
2019-08-14,-0.6154969419987606
2019-08-15,-0.6560361272580888
2019-08-16,-0.6694386680997124
2019-08-19,-0.6035549201196875
2019-08-20,-0.6591605838044821
2019-08-21,-0.6324653342967186
2019-08-22,-0.6009931155429968
2019-08-23,-0.6068446041662208
2019-08-26,-0.6197477039190202
2019-08-27,-0.6423986973704445
2019-08-28,-0.6803128383431969
2019-08-29,-0.6567194182117428
2019-08-30,-0.6526805405710738
2019-09-02,-0.6459338318807459
2019-09-03,-0.6558821046502317
2019-09-04,-0.6093422921739715
2019-09-05,-0.5401369927529736
2019-09-06,-0.587504400343394
2019-09-09,-0.5297917094533093
2019-09-10,-0.5259884867446023
2019-09-11,-0.5217154825725316
2019-09-12,-0.5264382987596723
2019-09-13,-0.4428530465877127
2019-09-16,-0.4300552577409258
2019-09-17,-0.4355409695901002
2019-09-18,-0.4555477016382112
2019-09-19,-0.4564759425948046
2019-09-20,-0.4734546186223682
2019-09-23,-0.539055426277939
2019-09-24,-0.5412999510699241
2019-09-25,-0.5625564984968463
2019-09-26,-0.5330093327805128
2019-09-27,-0.540628427520967
2019-09-30,-0.5210200593301089
2019-10-01,-0.4911456205732021
2019-10-02,-0.4890583508045334
2019-10-03,-0.545025068308433
2019-10-04,-0.5395014143504913
2019-10-07,-0.5358568620820776
2019-10-08,-0.5463180468511566
2019-10-09,-0.5196653222910337
2019-10-10,-0.4355530911837086
2019-10-11,-0.404815146088354
2019-10-14,-0.4109760015739629
2019-10-15,-0.4199959140833309
2019-10-16,-0.3406904201441074
2019-10-17,-0.3533183535963942
2019-10-18,-0.3320884254293594
2019-10-21,-0.2977929654352937
2019-10-22,-0.3260065424401097
2019-10-23,-0.3528551036786362
2019-10-24,-0.354018210845731
2019-10-25,-0.3282783360588817
2019-10-28,-0.2807901987884289
2019-10-29,-0.3011600967122811
2019-10-30,-0.3108008455914759
2019-10-31,-0.3645588719895603
2019-11-01,-0.3441161750711101
2019-11-04,-0.3021454461068025
2019-11-05,-0.2710676566086931
2019-11-06,-0.2787346063823466
2019-11-07,-0.2201532546105151
2019-11-08,-0.2103714368814579
2019-11-11,-0.2123400482789588
2019-11-12,-0.1979308834242665
2019-11-13,-0.2515448649363168
2019-11-14,-0.2868179394782228
2019-11-15,-0.2871831969159881
2019-11-18,-0.2900271193479522
2019-11-19,-0.2841604354693521
2019-11-20,-0.3109123343617468
2019-11-21,-0.272655670494704
2019-11-22,-0.2973916357957993
2019-11-25,-0.3061156040067034
2019-11-26,-0.3272787648525148
2019-11-27,-0.3124069590627201
2019-11-28,-0.3103829971593468
2019-11-29,-0.2973038143639779
2019-12-02,-0.2256774051360315
2019-12-03,-0.2736879642698002
2019-12-04,-0.2799956118351088
2019-12-05,-0.22895993687438
2019-12-06,-0.2352510049178291
2019-12-09,-0.2490349363125705
2019-12-10,-0.2320126396514843
2019-12-11,-0.250099353815663
2019-12-12,-0.23276364955082
2019-12-13,-0.209293288334734
2019-12-16,-0.2336635567080494
2019-12-17,-0.2264504818646728
2019-12-18,-0.1954644282915549
2019-12-19,-0.1588309274253023
2019-12-20,-0.1754136474164531
2019-12-23,-0.1836878146458915
2019-12-27,-0.1911062849224456
2019-12-30,-0.1416139923580766
2020-01-02,-0.1739952290506492
2020-01-03,-0.2229262874035447
2020-01-06,-0.2474256713180889
2020-01-07,-0.2321297946632867
2020-01-08,-0.2045804381697511
2020-01-09,-0.1704795188835031
2020-01-10,-0.1716351285092181
2020-01-13,-0.1406716470596256
2020-01-14,-0.1581516795862603
2020-01-15,-0.1844169430166284
2020-01-16,-0.1952813726951796
2020-01-17,-0.1876597776975583
2020-01-20,-0.1961084729175675
2020-01-21,-0.2024295210555888
2020-01-22,-0.2413260651055151
2020-01-23,-0.274775830234081
2020-01-24,-0.2890709559875732
2020-01-27,-0.3474035493063248
2020-01-28,-0.3346603235730501
2020-01-29,-0.3448154271763561
2020-01-30,-0.3635179596217428
2020-01-31,-0.3982077398358039
2020-02-03,-0.402813896006994
2020-02-04,-0.355814043587328
2020-02-05,-0.3251897667994936
2020-02-06,-0.3121010087922475
2020-02-07,-0.3566917083887873
2020-02-10,-0.3609515216190782
2020-02-11,-0.3585664011272444
2020-02-12,-0.3428180050697578
2020-02-13,-0.348096359725043
2020-02-14,-0.3705077224328503
2020-02-17,-0.3642674431213324
2020-02-18,-0.3628297946670535
2020-02-19,-0.3712332951487851
2020-02-20,-0.3924990118510174
2020-02-21,-0.4108924274161136
2020-02-24,-0.4397553021274061
2020-02-25,-0.4545266652956194
2020-02-26,-0.4496438968959015
2020-02-27,-0.5029516978646975
2020-02-28,-0.5719619376432523
2020-03-02,-0.5880763725897622
2020-03-03,-0.5560707424315745
2020-03-04,-0.5861897239546017
2020-03-05,-0.6207002835710718
2020-03-06,-0.6907591114368969
2020-03-09,-0.8152153483803315
2020-03-10,-0.739890248508448
2020-03-11,-0.7025231014419004
2020-03-12,-0.6823884534583988
2020-03-13,-0.4964854710742976
2020-03-16,-0.3928589740459123
2020-03-17,-0.3574957916003418
2020-03-18,-0.1780639156936012
2020-03-19,-0.1069264996597154
2020-03-20,-0.2482208155816199
2020-03-23,-0.291235780141823
2020-03-24,-0.2663578457315503
2020-03-25,-0.2383652373274745
2020-03-26,-0.2686452399296861
2020-03-27,-0.3952602898250528
2020-03-30,-0.4505475844329756
2020-03-31,-0.4142217275658404
2020-04-01,-0.3792923258915759
2020-04-02,-0.3618051034749845
2020-04-03,-0.3678165416972803
2020-04-06,-0.3326687054384121
2020-04-07,-0.2487718486590724
2020-04-08,-0.2190768577083477
2020-04-09,-0.2522837548004877
2020-04-14,-0.2988593947948299
2020-04-15,-0.3758689460178548
2020-04-16,-0.3737586621562259
2020-04-17,-0.3707949403650108
2020-04-20,-0.3468469364480637
2020-04-21,-0.3702438109681485
2020-04-22,-0.3333140192188724
2020-04-23,-0.3358285909046601
2020-04-24,-0.3625937456042409
2020-04-27,-0.3555674087408658
2020-04-28,-0.3724736202926442
2020-04-29,-0.4120554793862694
2020-04-30,-0.4577088658789732
2020-05-04,-0.4445438869151521
2020-05-05,-0.4497137463667042
2020-05-06,-0.4175174965383055
2020-05-07,-0.4149614266412413
2020-05-08,-0.4204737893138675
2020-05-11,-0.4075834627421506
2020-05-12,-0.3875111130354143
2020-05-13,-0.4225872451115355
2020-05-14,-0.4477477072921043
2020-05-15,-0.458467797394662
2020-05-18,-0.4167596324400104
2020-05-19,-0.3754843147794826
2020-05-20,-0.4019455041177679
2020-05-21,-0.4103757780394184
2020-05-22,-0.3991108371600362
2020-05-25,-0.4033485531642906
2020-05-26,-0.3475946422598603
2020-05-27,-0.330152516124806
2020-05-28,-0.3403945214275654
2020-05-29,-0.3592212288998233
2020-06-01,-0.3183326909071988
2020-06-02,-0.3308349151691883
2020-06-03,-0.2873537356547566
2020-06-04,-0.2466432367094002
2020-06-05,-0.2011248622454076
2020-06-08,-0.2399232584266961
2020-06-09,-0.2569465607478602
2020-06-10,-0.2582867477598141
2020-06-11,-0.3402277341546318
2020-06-12,-0.3550624816158323
2020-06-15,-0.3745102924390311
2020-06-16,-0.3498574643246215
2020-06-17,-0.3633493844474578
2020-06-18,-0.3801660799551247
2020-06-19,-0.3873921899015462
2020-06-22,-0.423582335223907
2020-06-23,-0.3854677716831549
2020-06-24,-0.3785676032424985
2020-06-25,-0.4317089595925036
2020-06-26,-0.4303633793999046
2020-06-29,-0.4206285712497437
2020-06-30,-0.4511601140782186
2020-07-01,-0.3646722682488486
2020-07-02,-0.3868078043952838
2020-07-03,-0.4010754066396234
2020-07-06,-0.3927475129734308
2020-07-07,-0.3961275728936626
2020-07-08,-0.4046544079135743
2020-07-09,-0.4229079331193075
2020-07-10,-0.4523359643399973
2020-07-13,-0.3887019794626258
2020-07-14,-0.4133933435176868
2020-07-15,-0.3935838896794204
2020-07-16,-0.4334242541405415
2020-07-17,-0.4280650570372879
2020-07-20,-0.4451441100187625
2020-07-21,-0.4292295495792557
2020-07-22,-0.4651311290657629
2020-07-23,-0.4566251008242981
2020-07-24,-0.4252819763955449
2020-07-27,-0.4598172096411765
2020-07-28,-0.4746202109197215
2020-07-29,-0.47856820944452
2020-07-30,-0.5257299860719304
2020-07-31,-0.4934549928365368
2020-08-03,-0.4791267995860484
2020-08-04,-0.5326657581051517
2020-08-05,-0.4832810799663196
2020-08-06,-0.5196281607510835
2020-08-07,-0.5072362463236098
2020-08-10,-0.506526845811818
2020-08-11,-0.4526879580656406
2020-08-12,-0.4356647015693595
2020-08-13,-0.3905306668893553
2020-08-14,-0.3951394980824689
2020-08-17,-0.4020355617151439
2020-08-18,-0.4228381425945806
2020-08-19,-0.446293914661847
2020-08-20,-0.4859040806562595
2020-08-21,-0.4764155970889594
2020-08-24,-0.4782246599806603
2020-08-25,-0.4121498534423615
2020-08-26,-0.3908726618361373
2020-08-27,-0.3701596542759735
2020-08-28,-0.3902054514547712
2020-08-31,-0.370767370836389
2020-09-01,-0.3739073245545876
2020-09-02,-0.4270503651526427
2020-09-03,-0.4603707417079281
2020-09-04,-0.4426237235498256
2020-09-07,-0.434112557509938
2020-09-08,-0.465297322710458
2020-09-09,-0.435738335770917
2020-09-10,-0.4085939394935156
2020-09-11,-0.4355379983121357
2020-09-14,-0.4638550524276317
2020-09-15,-0.4530035279044373
2020-09-16,-0.4628874293599914
2020-09-17,-0.4735761258310185
2020-09-18,-0.4729647916791992
2020-09-21,-0.5014623559690459
2020-09-22,-0.4839613130422657
2020-09-23,-0.4806940500421865
2020-09-24,-0.4881484814058701
2020-09-25,-0.4963290679447016
2020-09-28,-0.5001584492716393
2020-09-29,-0.5014359738487459
2020-09-30,-0.4953658691276756
2020-10-01,-0.4853429582467181
2020-10-02,-0.5066794592273816
2020-10-05,-0.4874808719694501
2020-10-06,-0.4921696647913767
2020-10-07,-0.4664222176752703
2020-10-08,-0.4911001528521677
2020-10-09,-0.5156040123577754
2020-10-12,-0.5197315661591118
2020-10-13,-0.5301042033197376
2020-10-14,-0.5539630430253792
2020-10-15,-0.5935013527583859
2020-10-16,-0.5929924224393228
2020-10-19,-0.5837748201340967
2020-10-20,-0.5828554477846564
2020-10-21,-0.5619477989644484
2020-10-22,-0.5493628922720837
2020-10-23,-0.5347056709079472
2020-10-26,-0.5440869293022681
2020-10-27,-0.5840760697426433
2020-10-28,-0.602136529408114
2020-10-29,-0.6030597807678006
2020-10-30,-0.6034864733654897
2020-11-02,-0.6056602920696017
2020-11-03,-0.5981530487713091
2020-11-04,-0.61858764979943
2020-11-05,-0.5994041413612963
2020-11-06,-0.5879951845192029
2020-11-09,-0.505353235919721
2020-11-10,-0.4562919175746351
2020-11-11,-0.4876685275821124
2020-11-12,-0.5074823235409291
2020-11-13,-0.5289951490019491
2020-11-16,-0.5307732834270471
2020-11-17,-0.54408000060462
2020-11-18,-0.5391208655469248
2020-11-19,-0.5533823081298608
2020-11-20,-0.5649592981213831
2020-11-23,-0.555630375166674
2020-11-24,-0.5564149473553304
2020-11-25,-0.5487161480566476
2020-11-26,-0.5578160547899262
2020-11-27,-0.5575061289094765
2020-11-30,-0.5496842544259004
2020-12-01,-0.5156576019209256
2020-12-02,-0.489175404356875
2020-12-03,-0.5285281364203134
2020-12-04,-0.5296154079176629
2020-12-07,-0.5613015189065695
2020-12-08,-0.5884381042211411
2020-12-09,-0.580264468743704
2020-12-10,-0.5835258649396518
2020-12-11,-0.6148095761806123
2020-12-14,-0.5929995565695565
2020-12-15,-0.599475694303583
2020-12-16,-0.5456016619925665
2020-12-17,-0.5701908146163914
2020-12-18,-0.5621708132151224
2020-12-21,-0.5758626630457333
2020-12-22,-0.5736288136004735
2020-12-23,-0.5324507486301204
2020-12-28,-0.5391871813213847
2020-12-29,-0.5599709461497477
2020-12-30,-0.5700079921508663
2021-01-04,-0.5720845536627377
2021-01-05,-0.5750587859195333
2021-01-06,-0.5401835256757694
2021-01-07,-0.5427611275747775
2021-01-08,-0.5446041356699363
2021-01-11,-0.5154055823530368
2021-01-12,-0.4912255062157467
2021-01-13,-0.5260978206321765
2021-01-14,-0.5633570715649387
2021-01-15,-0.5439206382358588
2021-01-18,-0.5311800653228023
2021-01-19,-0.5188665579280682
2021-01-20,-0.5357603655685685
2021-01-21,-0.5006893786269213
2021-01-22,-0.5150580152261877
2021-01-25,-0.5515737942774792
2021-01-26,-0.5405202820206063
2021-01-27,-0.5571614336958302
2021-01-28,-0.5417382582390453
2021-01-29,-0.5122549639975529
2021-02-01,-0.5112039222516493
2021-02-02,-0.4850892939455988
2021-02-03,-0.4657032906223932
2021-02-04,-0.4489231951343231
2021-02-05,-0.4547085137008468
2021-02-08,-0.4200757725602799
2021-02-09,-0.4418373891854568
2021-02-10,-0.4487913236034777
2021-02-11,-0.4552401585888952
2021-02-12,-0.4164291824373607
2021-02-15,-0.3746499994025516
2021-02-16,-0.347939084671101
2021-02-17,-0.3500528991027543
2021-02-18,-0.3157659870889575
2021-02-19,-0.30145744243389
2021-02-22,-0.3286702407023867
2021-02-23,-0.2818750701774855
2021-02-24,-0.259786731388874
2021-02-25,-0.2274242966420905
2021-02-26,-0.245739451145833
2021-03-01,-0.3240427681702531
2021-03-02,-0.3096255270250405
2021-03-03,-0.2935971617921047
2021-03-04,-0.3075997400211574
2021-03-05,-0.2837801146948027
2021-03-08,-0.2756398836959168
2021-03-09,-0.3041652415924818
2021-03-10,-0.2999154739166711
2021-03-11,-0.3243995080552486
2021-03-12,-0.2821945038687952
2021-03-15,-0.2952824407731191
2021-03-16,-0.3259504672604203
2021-03-17,-0.2813992086110062
2021-03-18,-0.2464714097826905
2021-03-19,-0.274255956373123
2021-03-22,-0.2889048975093273
2021-03-23,-0.3228741001659418
2021-03-24,-0.327322229208165
2021-03-25,-0.3596305455753072
2021-03-26,-0.3309516068470874
2021-03-29,-0.3090660643083174
2021-03-30,-0.2595793377934994
2021-03-31,-0.2786500209590494
2021-04-01,-0.304830860730731
2021-04-06,-0.2905626908834082
2021-04-07,-0.3004071885265231
2021-04-08,-0.3278594890271371
2021-04-09,-0.2692333662677901
2021-04-12,-0.2715624054609455
2021-04-13,-0.2734792585214007
2021-04-14,-0.2594569265150683
2021-04-15,-0.2516666822214679
2021-04-16,-0.2312715827945521
2021-04-19,-0.1973086178001786
2021-04-20,-0.2166951278725046
2021-04-21,-0.2530260730267422
2021-04-22,-0.2507764738122979
2021-04-23,-0.2350543082878093
2021-04-26,-0.2399162680823052
2021-04-27,-0.2251622682537033
2021-04-28,-0.2086183250727122
2021-04-29,-0.1578056425094582
2021-04-30,-0.1799941287779782
2021-05-03,-0.1766098041635775
2021-05-04,-0.218911790366802
2021-05-05,-0.2020700265078523
2021-05-06,-0.1967065488030948
2021-05-07,-0.1947493049831803
2021-05-10,-0.1796768068229419
2021-05-11,-0.1317421106752503
2021-05-12,-0.0921718773059616
2021-05-13,-0.0801736211905304
2021-05-14,-0.0956475161210042
2021-05-17,-0.0735833492945357
2021-05-18,-0.0768701104046609
2021-05-19,-0.0682340993103469
2021-05-20,-0.0713681820800298
2021-05-21,-0.1018040069948389
2021-05-24,-0.095090965764903
2021-05-25,-0.1366544228501514
2021-05-26,-0.1784022275369441
2021-05-27,-0.1471088765113632
2021-05-28,-0.1542104755539854
2021-05-31,-0.1464150531334933
2021-06-01,-0.152207882527537
2021-06-02,-0.1685155882174269
2021-06-03,-0.1605521309399908
2021-06-04,-0.186038947336363
2021-06-07,-0.1587290153378706
2021-06-08,-0.1936152276268932
2021-06-09,-0.2328220282494673
2021-06-10,-0.2120931083225241
2021-06-11,-0.254478702000358
2021-06-14,-0.2240491308840866
2021-06-15,-0.2113851744595818
2021-06-16,-0.2123028398520432
2021-06-17,-0.1895070468576549
2021-06-18,-0.2030317764716125
2021-06-21,-0.1752134200073456
2021-06-22,-0.164893215641801
2021-06-23,-0.1876441178191243
2021-06-24,-0.188387495310021
2021-06-25,-0.1714548014961381
2021-06-28,-0.1774516831439974
2021-06-29,-0.1690695598072036
2021-06-30,-0.2031675387389504
2021-07-01,-0.2121342986198175
2021-07-02,-0.2372602808236559
2021-07-05,-0.2189623650178798
2021-07-06,-0.2609668739699926
2021-07-07,-0.3094893728906402
2021-07-08,-0.326775213229264
2021-07-09,-0.2979332082395802
2021-07-12,-0.3045506305888543
2021-07-13,-0.3192123160544624
2021-07-14,-0.3173952816023466
2021-07-15,-0.3408957325298134
2021-07-16,-0.3514391981666995
2021-07-19,-0.3902397494860259
2021-07-20,-0.4276975557635456
2021-07-21,-0.3994580561662491
2021-07-22,-0.4057264040294415
2021-07-23,-0.4160615667264871
2021-07-26,-0.4045311768509201
2021-07-27,-0.4374197824317836
2021-07-28,-0.4315674030822589
2021-07-29,-0.4321667808819338
2021-07-30,-0.4398795835232656
2021-08-02,-0.4598083151093917
2021-08-03,-0.4872730617940939
2021-08-04,-0.5053644737109648
2021-08-05,-0.4993421945540826
2021-08-06,-0.4550069157791023
2021-08-09,-0.4664286456556445
2021-08-10,-0.4707311852289608
2021-08-11,-0.4503548848146632
2021-08-12,-0.4468566124150461
2021-08-13,-0.4561557952919934
2021-08-16,-0.4836275825293423
2021-08-17,-0.4663881331639778
2021-08-18,-0.4751373568367092
2021-08-19,-0.4794708850047562
2021-08-20,-0.487141957176322
2021-08-23,-0.4728179927363807
2021-08-24,-0.4696654969399518
2021-08-25,-0.4261519499252508
2021-08-26,-0.3975559177676162
2021-08-27,-0.3958660488537631
2021-08-30,-0.4159234983665945
2021-08-31,-0.3929337298819684
2021-09-01,-0.3743433299795975
2021-09-02,-0.3830230506841166
2021-09-03,-0.3497512367705693
2021-09-06,-0.3569961266879029
2021-09-07,-0.3098359261518757
2021-09-08,-0.3115153222495874
2021-09-09,-0.3352154340992079
2021-09-10,-0.3304344329611939
2021-09-13,-0.3252545485232527
2021-09-14,-0.3227407955621366
2021-09-15,-0.3073480233518073
2021-09-16,-0.2823180020789371
2021-09-17,-0.265366005242782
2021-09-20,-0.2994678228107301
2021-09-21,-0.3206146192201182
2021-09-22,-0.3066539306160498
2021-09-23,-0.2565487685477845
2021-09-24,-0.2036116638111065
2021-09-27,-0.2045029008023746
2021-09-28,-0.1637617087059744
2021-09-29,-0.2087689159894039
2021-09-30,-0.1701871538638641
2021-10-01,-0.2142392632805152
2021-10-04,-0.1845575526107032
2021-10-05,-0.1792621748698217
2021-10-06,-0.1688008601346844
2021-10-07,-0.1650540570657654
2021-10-08,-0.1356327653192748
2021-10-11,-0.1006233342770381
2021-10-12,-0.0842510424671507
2021-10-13,-0.1149529435862857
2021-10-14,-0.1609909942182619
2021-10-15,-0.1423224307317738
2021-10-18,-0.1270090897455178
2021-10-19,-0.0828883924539019
2021-10-20,-0.102191483664467
2021-10-21,-0.0706682558355535
2021-10-22,-0.076116591538621
2021-10-25,-0.0957020196619637
2021-10-26,-0.1095923418790429
2021-10-27,-0.1625704790323481
2021-10-28,-0.1406448758344813
2021-10-29,-0.0692417043067128
2021-11-01,-0.0856525564091286
2021-11-02,-0.1477414929441622
2021-11-03,-0.1497630475247087
2021-11-04,-0.2147132439814543
2021-11-05,-0.2654504996601829
2021-11-08,-0.2509429367430997
2021-11-09,-0.282661940461554
2021-11-10,-0.2576195497328619
2021-11-11,-0.216510950234285
2021-11-12,-0.243283375531583
2021-11-15,-0.2354397832576529
2021-11-16,-0.2285029979055295
2021-11-17,-0.2314999498417496
2021-11-18,-0.2502216224050904
2021-11-19,-0.3206252528302253
2021-11-22,-0.3126982678988783
2021-11-23,-0.2301393206691808
2021-11-24,-0.2025087038772262
2021-11-25,-0.2403029117318045
2021-11-26,-0.3200984642959916
2021-11-29,-0.2892161953499834
2021-11-30,-0.3500497959956763
2021-12-01,-0.3218840306119443
2021-12-02,-0.3671109809449886
2021-12-03,-0.3534597488388948
2021-12-06,-0.3764084905704945
2021-12-07,-0.3625682418994769
2021-12-08,-0.3194987668384299
2021-12-09,-0.3479578625429007
2021-12-10,-0.3402177053393087
2021-12-13,-0.3587044431052315
2021-12-15,-0.343777875759176
2021-12-16,-0.3319499373767507
2021-12-17,-0.3604547244277594
2021-12-20,-0.3516192954274015
2021-12-21,-0.2984542757639228
2021-12-22,-0.2737624510298655
2021-12-23,-0.2402406394770486
2021-12-24,-0.2401620199852878
2021-12-27,-0.2335021606368932
2021-12-28,-0.2313995748412405
2021-12-29,-0.2001411477556085
2021-12-30,-0.1881837312776673
2021-12-31,-0.1884997053069739
2022-01-03,-0.123137169399619
2022-01-04,-0.1158978985177299
2022-01-05,-0.1072667978168788
2022-01-06,-0.0862795477340641
2022-01-07,-0.0715950553254001
2022-01-10,-0.0458051227585767
2022-01-11,-0.0418130923476076
2022-01-12,-0.0705607664618201
2022-01-13,-0.0936670673989521
2022-01-14,-0.0748330252616291
2022-01-17,-0.0402910242629941
2022-01-18,-0.0385408708116661
2022-01-19,-0.0122407711805405
2022-01-20,-0.0415055667788291
2022-01-21,-0.0795248189290624
2022-01-24,-0.1020203270679886
2022-01-25,-0.0931339547092817
2022-01-26,-0.066074806943118
2022-01-27,-0.0527107771150991
2022-01-28,-0.0329721800991174
2022-01-31,0.027558640324989
2022-02-01,0.0425028285091722
2022-02-02,0.0542394865291484
2022-02-03,0.1346257748132939
2022-02-04,0.1954798665811996
2022-02-07,0.2450817197152626
2022-02-08,0.2885859698683437
2022-02-09,0.2503207994595224
2022-02-10,0.2816895160224535
2022-02-11,0.2856751283727308
2022-02-14,0.2770706769054443
2022-02-15,0.3478562426446649
2022-02-16,0.308208290399772
2022-02-17,0.279857742718842
2022-02-18,0.2494797631292551
2022-02-21,0.2382614998782164
2022-02-22,0.3135429182653817
2022-02-23,0.2986959648035088
2022-02-24,0.2108888911402096
2022-02-25,0.264368946096611
2022-02-28,0.2151889622433027
2022-03-01,0.0326728767741553
2022-03-02,0.0313788001919355
2022-03-03,0.0986786501245822
2022-03-04,-0.0279538172095263
2022-03-07,0.0257350005660987
2022-03-08,0.1554406073608363
2022-03-09,0.2448119681135079
2022-03-10,0.2864708298911778
2022-03-11,0.3092364878513935
2022-03-14,0.3766467897877497
2022-03-15,0.3734059982155764
2022-03-16,0.414851277457978
2022-03-17,0.4171477004904327
2022-03-18,0.3987490696338296
2022-03-21,0.4700392128342219
2022-03-22,0.5377128375407272
2022-03-23,0.5160196143824851
2022-03-24,0.5412645673782679
2022-03-25,0.5955267941147533
2022-03-28,0.5971230811923866
2022-03-29,0.6266184869236298
2022-03-30,0.7262616727631478
2022-03-31,0.6178605132498334
2022-04-01,0.6376400881998646
2022-04-04,0.5638212015520495
2022-04-05,0.6327003093497094
2022-04-06,0.7140711588298412
2022-04-07,0.7409598334456973
2022-04-08,0.7424052427419571
2022-04-11,0.8500642543302709
2022-04-12,0.8294428533612078
2022-04-13,0.8205670789444384
2022-04-14,0.8707334274214256
2022-04-19,0.9807274043125882
2022-04-20,0.8896841718001853
2022-04-21,0.9212113466391624
2022-04-22,0.9770826093159876
2022-04-25,0.8994141718209822
2022-04-26,0.869412766148078
2022-04-27,0.8505607052257548
2022-04-28,0.9421926942053708
2022-04-29,0.9394447549795604
2022-05-02,1.0119890024793636
2022-05-03,0.955000121447678
2022-05-04,1.032893597061021
2022-05-05,1.0355991505275892
2022-05-06,1.1278758557890278
2022-05-09,1.1537167684881773
2022-05-10,1.0557905071782294
2022-05-11,1.0796898595157955
2022-05-12,0.932497559340668
2022-05-13,0.997992660776576
2022-05-16,1.0020727330936592
2022-05-17,1.0901069751904715
2022-05-18,1.0871904846650078
2022-05-19,0.989518819453654
2022-05-20,1.0349083261877432
2022-05-23,1.0471122875579322
2022-05-24,1.072537745028726
2022-05-25,1.0414462283883692
2022-05-26,1.0749233990747251
2022-05-27,1.0513767180138625
2022-05-30,1.1630238702072169
2022-05-31,1.2196374068344555
2022-06-01,1.231256919382106
2022-06-02,1.322099127248351
2022-06-03,1.3546440778384157
2022-06-06,1.38155388687104
2022-06-07,1.3720566981310682
2022-06-08,1.434579426650601
2022-06-09,1.4881532478251698
2022-06-10,1.5283740791613951
2022-06-13,1.6577866441601372
2022-06-14,1.7486188964393516
2022-06-15,1.7083732527105282
2022-06-16,1.8602601255850288
2022-06-17,1.7825017967271577
2022-06-20,1.8018568392585157
2022-06-21,1.8303634168625704
2022-06-22,1.691670775715323
2022-06-23,1.4888644354803915
2022-06-24,1.5846780224807104
2022-06-27,1.601321203516477
2022-06-28,1.728305917484093
2022-06-29,1.6572563742607116
2022-06-30,1.4984395024541597
2022-07-01,1.40449359707607
2022-07-04,1.4500855079014472
2022-07-05,1.3359816612765634
2022-07-06,1.2520810364127006
2022-07-07,1.3637915335368958
2022-07-08,1.373487403218105
2022-07-11,1.3262619371104871
2022-07-12,1.188337429298218
2022-07-13,1.2637967168845847
2022-07-14,1.26360082763897
2022-07-15,1.2206008942091242
2022-07-18,1.29112187846686
2022-07-19,1.3183965226580303
2022-07-20,1.3020400368616825
2022-07-21,1.3546979266927923
2022-07-22,1.100348140245046
2022-07-25,1.1594895227176516
2022-07-26,1.0099462673032429
2022-07-27,1.0222210639902969
2022-07-28,0.895554261778805
2022-07-29,0.928512097752508
2022-08-01,0.8500118733517295
2022-08-02,0.8329552829008375
2022-08-03,0.9255822947200024
2022-08-04,0.8811183128928173
2022-08-05,0.9655672822496744
2022-08-08,0.941478856040774
2022-08-09,1.01087570882033
2022-08-10,0.9400150970600554
2022-08-11,1.0058343118643918
2022-08-12,1.036432717911
2022-08-15,0.9765341543768828
2022-08-16,1.056658086364452
2022-08-17,1.1376288205659262
2022-08-18,1.1587731159949677
2022-08-19,1.2943268073026863
2022-08-22,1.3368816418153266
2022-08-23,1.4136670721554494
2022-08-24,1.4417640801554463
2022-08-25,1.4229719599473691
2022-08-26,1.517125191268235
2022-08-29,1.6057037105909502
2022-08-30,1.5329349273079824
2022-08-31,1.571382059522819
2022-09-01,1.6374362950548536
2022-09-02,1.5440424780596556
2022-09-05,1.629225267260784
2022-09-06,1.6822264297143996
2022-09-07,1.615695937695056
2022-09-08,1.669993818161332
2022-09-09,1.7480318913495032
2022-09-12,1.7101703681378546
2022-09-13,1.7784639540540543
2022-09-14,1.7889513143332223
2022-09-15,1.7660693854223095
2022-09-16,1.8200708250695263
2022-09-19,1.844714329471085
2022-09-20,1.984118966152237
2022-09-21,1.9139652591579668
2022-09-22,1.9926230873741704
2022-09-23,2.0150525783280635
2022-09-26,2.092629043945399
2022-09-27,2.182902996637207
2022-09-28,2.195363054597596
2022-09-29,2.252502887725718
2022-09-30,2.134773480380704
2022-10-03,2.0446937130494645
2022-10-04,1.9360584837570125
2022-10-05,2.039070883668442
2022-10-06,2.150407188219638
2022-10-07,2.2781102728445792
2022-10-10,2.308000918558733
2022-10-11,2.4509962186279277
2022-10-12,2.495448130233568
2022-10-13,2.451889553336256
2022-10-14,2.3909187555657905
2022-10-17,2.3752770721052805
2022-10-18,2.364947146061778
2022-10-19,2.443987972632435
2022-10-20,2.507453193890448
2022-10-21,2.545365806755106
2022-10-24,2.419957817957787
2022-10-25,2.286171709818138
2022-10-26,2.267223634373684
2022-10-27,2.1648593546966497
2022-10-28,2.184664819909778
2022-10-31,2.2391387491331125
2022-11-01,2.253662853998684
2022-11-02,2.234079288009585
2022-11-03,2.3421246873037607
2022-11-04,2.3707304229652677
2022-11-07,2.4263254933335765
2022-11-08,2.389448306372367
2022-11-09,2.3894483063723584
2022-11-10,2.1459360958664395
2022-11-11,2.24068921703696
2022-11-14,2.2087307941064163
2022-11-15,2.1885018253873576
2022-11-16,2.1005971123745377
2022-11-17,2.136140125611406
2022-11-18,2.111657762016943
2022-11-21,2.060945912390832
2022-11-22,2.076606901418831
2022-11-23,2.005300623155428
2022-11-24,1.915166458649799
2022-11-25,2.033214494573974
2022-11-28,2.0604237064610293
2022-11-29,1.9935493464609348
2022-11-30,1.9939423217948185
2022-12-01,1.881787444834684
2022-12-02,1.9049654032906471
2022-12-05,1.9170590334828683
2022-12-06,1.8604547473419173
2022-12-07,1.8503101796890304
2022-12-08,1.8799560373123128
2022-12-09,1.9767511755133584
2022-12-12,1.9485726752460917
2022-12-13,1.9347812882980648
2022-12-14,2.009708006502586
2022-12-15,2.080990858897387
2022-12-16,2.241556243717952
2022-12-19,2.2754029100409885
2022-12-20,2.3612178080033925
2022-12-21,2.3599884455004503
2022-12-22,2.44207858506563
2022-12-23,2.464311874240936
2022-12-27,2.5010535762647668
2022-12-28,2.522042551102518
2022-12-29,2.5267047773509126
2022-12-30,2.555313576346965
2023-01-02,2.5182541193176986
2023-01-03,2.4382219286823594
2023-01-04,2.3543646639454043
2023-01-05,2.415742967111544
2023-01-06,2.3642917157261643
2023-01-09,2.349535816338053
2023-01-10,2.359179639439585
2023-01-11,2.263607933390884
2023-01-12,2.203747568371912
2023-01-13,2.170443058846556
2023-01-16,2.1984303733571404
2023-01-17,2.186919071955929
2023-01-18,2.0324374906750133
2023-01-19,2.08729232802771
2023-01-20,2.196191131302154
2023-01-23,2.2418412593930963
2023-01-24,2.2389853352210247
2023-01-25,2.163417628838445
2023-01-26,2.226586860624061
2023-01-27,2.2928506476499027
2023-01-30,2.3215959950207234
2023-01-31,2.321746829009651
2023-02-01,2.320551355540444
2023-02-02,2.204823466989794
2023-02-03,2.2239657262908032
2023-02-06,2.3212550429795087
2023-02-07,2.3391587843849004
2023-02-08,2.385503320002768
2023-02-09,2.324127957516212
2023-02-10,2.39608248577462
2023-02-13,2.406919030818028
2023-02-14,2.4624399335994624
2023-02-15,2.501264310923427
2023-02-16,2.5759667539916338
2023-02-17,2.51057414553606
2023-02-20,2.487782138619118
2023-02-21,2.5948665318435933
2023-02-22,2.5754450645752485
2023-02-23,2.546118410631453
2023-02-24,2.593268515931665
2023-02-27,2.620550133304117
2023-02-28,2.7593967440187765
2023-03-01,2.7435582579994957
2023-03-02,2.788514593224295
2023-03-03,2.761844112868192
2023-03-06,2.8053553887459097
2023-03-07,2.7393520835294183
2023-03-08,2.701317328864796
2023-03-09,2.7184848371954806
2023-03-10,2.525408734620048
2023-03-13,2.297744556190855
2023-03-14,2.516178106187451
2023-03-15,2.251535668614634
2023-03-16,2.271130822079904
2023-03-17,2.1946188355104232
2023-03-20,2.2058997607419206
2023-03-21,2.332588766703134
2023-03-22,2.4376814186145728
2023-03-23,2.319662673600908
2023-03-24,2.204084023237307
2023-03-27,2.348881150064657
2023-03-28,2.350994641942642
2023-03-29,2.395367387134224
2023-03-30,2.4489750263127967
2023-03-31,2.4053734039225585
2023-04-03,2.387035065269912
2023-04-04,2.4151327410116035
2023-04-05,2.303020825455385
2023-04-06,2.250727967784352
2023-04-11,2.384509277962634
2023-04-12,2.435996832578673
2023-04-13,2.4437101043278555
2023-04-14,2.472042030647635
2023-04-17,2.5477121132204887
2023-04-18,2.5510986395686084
2023-04-19,2.590685961890101
2023-04-20,2.573343385096954
2023-04-21,2.584085999585133
2023-04-24,2.586948147094005
2023-04-25,2.505199817529581
2023-04-26,2.463824134723531
2023-04-27,2.526644670195402
2023-04-28,2.4444445430269903
2023-05-02,2.448127676744327
2023-05-03,2.344989810855426
2023-05-04,2.3586600249053946
2023-05-05,2.3848229445658986
2023-05-08,2.424054778476
2023-05-09,2.424662062081823
2023-05-10,2.38344518562992
2023-05-11,2.3055688137903347
2023-05-12,2.343937983270325
2023-05-15,2.4043196166894694
2023-05-16,2.421305039856424
2023-05-17,2.4280734692060864
2023-05-18,2.5170936978149863
2023-05-19,2.574757246
2023-05-22,2.5547422271
2023-05-23,2.5572139941
2023-05-24,2.5357380252
2023-05-25,2.5851148774
2023-05-26,2.6225550772
2023-05-29,2.5418197439
2023-05-30,2.4603335071
2023-05-31,2.3837639734
2023-06-01,2.3525142584
2023-06-02,2.3991278931
2023-06-05,2.479590491
2023-06-06,2.4666990139
2023-06-07,2.4775996926
2023-06-08,2.5008032137
2023-06-09,2.4973687502
2023-06-12,2.4729858263
2023-06-13,2.4993327518
2023-06-14,2.5475095593
2023-06-15,2.5361437389
2023-06-16,2.5521340864
2023-06-19,2.589633066
2023-06-20,2.506030618
2023-06-21,2.5167563336
2023-06-22,2.5519367845
2023-06-23,2.4134357814
2023-06-26,2.4126217121
2023-06-27,2.3751722746
2023-06-28,2.4030967939
2023-06-29,2.4574849868
2023-06-30,2.5070983224
2023-07-03,2.4839268966
2023-07-04,2.5098375535
2023-07-05,2.5176156948
2023-07-06,2.647373604
2023-07-07,2.6907802965
2023-07-10,2.7256122133
2023-07-11,2.7318971902
2023-07-12,2.6826236171
2023-07-13,2.5723437997
2023-07-14,2.5263080146
2023-07-17,2.5379481465
2023-07-18,2.4392947598
2023-07-19,2.4601343081
2023-07-20,2.5317575206
2023-07-21,2.5046864024
2023-07-24,2.5058932842
2023-07-25,2.4953210537
2023-07-26,2.532469516
2023-07-27,2.4930874937
2023-07-28,2.5420333973
2023-07-31,2.5434072241
2023-08-01,2.5450256148
2023-08-02,2.5697675859
2023-08-03,2.6633518519
2023-08-04,2.663754606
2023-08-07,2.6592784724
2023-08-08,2.5236080032
2023-08-09,2.5678933482
2023-08-10,2.5782225133
2023-08-11,2.6884603794
2023-08-14,2.6924764114
2023-08-15,2.7492159061
2023-08-16,2.7263347302
2023-08-17,2.7599443482
2023-08-18,2.7153016552
2023-08-21,2.7498040078
2023-08-22,2.7348478192
2023-08-23,2.5961695834
2023-08-24,2.6010297109
2023-08-25,2.6219908077
2023-08-28,2.6346870167
2023-08-29,2.6397873111
2023-08-30,2.6075873919
2023-08-31,2.5706069449
2023-09-01,2.6278747898
2023-09-04,2.6385322093
2023-09-05,2.6680758478
2023-09-06,2.6783721017
2023-09-07,2.7128876583
2023-09-08,2.684847041
2023-09-11,2.6896912526
2023-09-12,2.7011827426
2023-09-13,2.7131078162
2023-09-14,2.6842987583
2023-09-15,2.7349477927
2023-09-18,2.7881726159
2023-09-19,2.8076747104
2023-09-20,2.7657704991
2023-09-21,2.8225524569
2023-09-22,2.8196368903
2023-09-25,2.8669855682
2023-09-26,2.8708600458
2023-09-27,2.8599938456
2023-09-28,3.0333501699
2023-09-29,2.8762763259
2023-10-02,2.9328354324
2023-10-03,2.9641872265
2023-10-04,2.9925401129
2023-10-05,2.9472925432
2023-10-06,2.9604325215
2023-10-09,2.8738935511
2023-10-10,2.8643948716
2023-10-11,2.7561586862
2023-10-12,2.7938537924
2023-10-13,2.8835732133
2023-10-16,2.8620178446
2023-10-17,2.9370802435
2023-10-18,2.9527097575
2023-10-19,3.0011097622
2023-10-20,2.9495121221
2023-10-23,2.9765842729
2023-10-24,2.8932419598
2023-10-25,2.9189824464
2023-10-26,2.9033934306
2023-10-27,2.8984970075
2023-10-30,2.9012196761
2023-10-31,2.8226726907
2023-11-01,2.8197946048
2023-11-02,2.7491134356
2023-11-03,2.7005766639
2023-11-06,2.7691646463
2023-11-07,2.7184321682
2023-11-08,2.6835389676
2023-11-09,2.7002831579
2023-11-10,2.7551960877
2023-11-13,2.7881690124
2023-11-14,2.6848069955
2023-11-15,2.6871053051
2023-11-16,2.6349265771
2023-11-17,2.6413046564
2023-11-20,2.6603005277
2023-11-21,2.624200413
2023-11-22,2.5855317528
2023-11-23,2.6657392323
2023-11-24,2.6869213104
2023-11-27,2.6289134686
2023-11-28,2.5892364669
2023-11-29,2.4830794967
2023-11-30,2.5285020009
2023-12-01,2.4797884548
2023-12-04,2.3892714774
2023-12-05,2.3269332366
2023-12-06,2.2782674646
2023-12-07,2.2353317021
2023-12-08,2.3534261872
2023-12-11,2.3371734995
2023-12-12,2.3068463462
2023-12-13,2.2525470525
2023-12-14,2.2116980315
2023-12-15,2.1147842384
2023-12-18,2.1553213039
2023-12-19,2.0913589612
2023-12-20,2.0466529474
2023-12-21,2.0472863063
2023-12-22,2.0192952065
2023-12-27,1.9876091225
2023-12-28,2.0028420209
2023-12-29,2.0808856999
2024-01-02,2.1199493571
2024-01-03,2.1214189676
2024-01-04,2.2072419203
2024-01-05,2.2469256583
2024-01-08,2.2307313873
2024-01-09,2.2570451998
2024-01-10,2.2732383195
2024-01-11,2.2583578869
2024-01-12,2.226207696
2024-01-15,2.2810119759
2024-01-16,2.2599486199
2024-01-17,2.3394291535
2024-01-18,2.363052963
2024-01-19,2.3846269956
2024-01-22,2.3354762926
2024-01-23,2.3886325322
2024-01-24,2.3845432402
2024-01-25,2.3687528773
2024-01-26,2.3883232291
2024-01-29,2.3251514995
2024-01-30,2.3328476651
2024-01-31,2.26580157
2024-02-01,2.2542621453
2024-02-02,2.2752204759
2024-02-05,2.380938321
2024-02-06,2.3871789716
2024-02-07,2.3747592768
2024-02-08,2.4271401791
2024-02-09,2.461190883
2024-02-12,2.4517828411
2024-02-13,2.4619773052
2024-02-14,2.445205132
2024-02-15,2.3870546854
2024-02-16,2.4712489514
2024-02-19,2.471856408
2024-02-20,2.4409811023
2024-02-21,2.4744667685
2024-02-22,2.4798051672
2024-02-23,2.4384341998
2024-02-26,2.467280003
2024-02-27,2.4929769097
2024-02-28,2.5167377375
2024-02-29,2.4801097363
2024-03-01,2.5034683242
2024-03-04,2.4336236988
2024-03-05,2.3635148956
2024-03-06,2.3597086823
2024-03-07,2.3402473323
2024-03-08,2.3031809889
2024-03-11,2.3591203019
2024-03-12,2.3776217828
2024-03-13,2.4038314531
2024-03-14,2.4862550511
2024-03-15,2.4946028896
2024-03-18,2.5102098433
2024-03-19,2.4846293611
2024-03-20,2.4862311056
2024-03-21,2.4697606676
2024-03-22,2.37785216
2024-03-25,2.4260237468
2024-03-26,2.4049985204
2024-03-27,2.3510584666
2024-03-28,2.359935488
2024-04-02,2.4863921225
2024-04-03,2.48413956
2024-04-04,2.4113003171
2024-04-05,2.4361684019
2024-04-08,2.4923312998
2024-04-09,2.4321874511
2024-04-10,2.483955421
2024-04-11,2.5216754851
2024-04-12,2.4069398686
2024-04-15,2.5043256274
2024-04-16,2.565459395
2024-04-17,2.54460631
2024-04-18,2.5551833059
2024-04-19,2.5772617894
2024-04-22,2.5694069878
2024-04-23,2.5613382913
2024-04-24,2.6439607161
2024-04-25,2.6968869031
2024-04-26,2.623464679
2024-04-29,2.5936184515
2024-04-30,2.6368704855
2024-05-02,2.6192687619
2024-05-03,2.545998065
2024-05-06,2.5137096838
2024-05-07,2.4769806556
2024-05-08,2.5155847885
2024-05-09,2.5485134906
2024-05-10,2.5607710993
2024-05-13,2.5539771945
2024-05-14,2.5869324297
2024-05-15,2.4997507148
2024-05-16,2.5059329536
2024-05-17,2.5736443805
2024-05-20,2.5928737019
2024-05-21,2.56338861
2024-05-22,2.5938440854
2024-05-23,2.6421578714
2024-05-24,2.6524141248
2024-05-27,2.5984978775
2024-05-28,2.6248221592
2024-05-29,2.7193243024
2024-05-30,2.7374225597
2024-05-31,2.7015587512
2024-06-03,2.6614829951
2024-06-04,2.597435378
2024-06-05,2.5676072225
2024-06-06,2.6218140315
2024-06-07,2.6867722412
2024-06-10,2.7385184555
2024-06-11,2.70750727
2024-06-12,2.5967936569
2024-06-13,2.5855197162
2024-06-14,2.4086873262
2024-06-17,2.4874036276
2024-06-18,2.476220875
2024-06-19,2.4754923156
2024-06-20,2.5093927539
2024-06-21,2.4501759972
2024-06-24,2.4790816716
2024-06-25,2.4437824241
2024-06-26,2.4887604599
2024-06-27,2.4895226334
2024-06-28,2.5019106798
2024-07-01,2.6351168331
2024-07-02,2.625718203
2024-07-03,2.6278943813
2024-07-04,2.6237373697
2024-07-05,2.5996836001
2024-07-08,2.5707227465
2024-07-09,2.5941446777
2024-07-10,2.5570724353
2024-07-11,2.498110511
2024-07-12,2.5167895001
2024-07-15,2.5140039627
2024-07-16,2.4645170295
2024-07-17,2.4612971986
2024-07-18,2.4367519932
2024-07-19,2.4965557827
2024-07-22,2.5105437773
2024-07-23,2.4776943683
2024-07-24,2.4715110514
2024-07-25,2.4339080215
2024-07-26,2.4245461772
2024-07-29,2.3896297176
2024-07-30,2.3544882773
2024-07-31,2.3290703135
2024-08-01,2.281431255
2024-08-02,2.1969689437
2024-08-05,2.2355219221
2024-08-06,2.2599321468
2024-08-07,2.365213727
2024-08-08,2.3631468252
2024-08-09,2.3179681699
2024-08-12,2.3271464977
2024-08-13,2.2926891188
2024-08-14,2.2853210792
2024-08-15,2.3521344146
2024-08-16,2.3349911132
2024-08-19,2.3506021122
2024-08-20,2.326133018
2024-08-21,2.3059555781
2024-08-22,2.3222276477
2024-08-23,2.3545848339
2024-08-26,2.3611574784
2024-08-27,2.397613636
2024-08-28,2.3663694885
2024-08-29,2.3795267524
2024-08-30,2.3888297669
2024-09-02,2.4485558581
2024-09-03,2.3718172551
2024-09-04,2.3230518592
2024-09-05,2.3052108156
2024-09-06,2.3113879433
2024-09-09,2.2959799036
2024-09-10,2.2834241895
2024-09-11,2.2136942997
2024-09-12,2.2396543029
2024-09-13,2.2602491803
2024-09-16,2.2479888331
2024-09-17,2.2486269095
2024-09-18,2.2985907322
2024-09-19,2.3048459818
2024-09-20,2.3288316667
2024-09-23,2.3026272101
2024-09-24,2.2891839665
2024-09-25,2.291416671
2024-09-26,2.2537673608
2024-09-27,2.2521148846
2024-09-30,2.2367867384
2024-10-01,2.1442488285
2024-10-02,2.2298357908
2024-10-03,2.2890716162
2024-10-04,2.3213268231
2024-10-07,2.3680772013
2024-10-08,2.3786118387
2024-10-09,2.3672195539
2024-10-10,2.3821347867
2024-10-11,2.4091492224
2024-10-14,2.407755502
2024-10-15,2.3391978925
2024-10-16,2.2888657969
2024-10-17,2.3141522729
2024-10-18,2.2940883656
2024-10-21,2.3808484055
2024-10-22,2.3997309158
2024-10-23,2.4337504295
2024-10-24,2.3715160286
2024-10-25,2.397353001
2024-10-28,2.3810519633
2024-10-29,2.4331853634
2024-10-30,2.4724594585
2024-10-31,2.520945558
2024-11-01,2.4894847017
2024-11-04,2.487138698
2024-11-05,2.4983617341
2024-11-06,2.5113246974
2024-11-07,2.5240289566
2024-11-08,2.4700578721
2024-11-11,2.4420946519
2024-11-12,2.4280603265
2024-11-13,2.474171259
2024-11-14,2.4479041589
2024-11-15,2.4575629867
2024-11-18,2.4743486696
2024-11-19,2.4309080958
2024-11-20,2.4474474548
2024-11-21,2.3987406434
2024-11-22,2.3562386849
2024-11-25,2.3014732166
2024-11-26,2.2988076041
2024-11-27,2.261384337
2024-11-28,2.2248257945
2024-11-29,2.1852246483
2024-12-02,2.1381738703
2024-12-03,2.1245018989
2024-12-04,2.1609470857
2024-12-05,2.1952120266
2024-12-06,2.1639756999
2024-12-09,2.1848501571
2024-12-10,2.196991766
2024-12-11,2.2067122243
2024-12-12,2.2590743687
2024-12-13,2.3306589016
2024-12-16,2.3320425144
2024-12-17,2.3137164817
2024-12-18,2.339148239
2024-12-19,2.4054384768
2024-12-20,2.3746841926
2024-12-23,2.4023438214
2024-12-24,2.4054591254
2024-12-27,2.4317999928
2024-12-30,2.4473038368
