"Date","Price","Open","High","Low","Change %"
"12/31/2024","3.521","3.526","3.526","3.521","-0.31%"
"12/30/2024","3.532","3.534","3.548","3.516","-0.14%"
"12/27/2024","3.537","3.529","3.582","3.514","1.20%"
"12/24/2024","3.495","3.502","3.502","3.495","-0.20%"
"12/23/2024","3.502","3.500","3.505","3.461","1.51%"
"12/20/2024","3.450","3.476","3.495","3.443","-0.66%"
"12/19/2024","3.473","3.479","3.492","3.453","1.88%"
"12/18/2024","3.409","3.398","3.419","3.395","0.65%"
"12/17/2024","3.387","3.418","3.427","3.371","-0.35%"
"12/16/2024","3.399","3.380","3.404","3.372","0.30%"
"12/13/2024","3.389","3.325","3.391","3.324","1.56%"
"12/12/2024","3.337","3.239","3.337","3.218","4.41%"
"12/11/2024","3.196","3.197","3.219","3.162","-0.34%"
"12/10/2024","3.207","3.224","3.235","3.186","0.38%"
"12/09/2024","3.195","3.174","3.204","3.166","0.03%"
"12/06/2024","3.194","3.204","3.211","3.171","-0.31%"
"12/05/2024","3.204","3.213","3.223","3.177","-0.34%"
"12/04/2024","3.215","3.267","3.276","3.207","-0.80%"
"12/03/2024","3.241","3.262","3.273","3.236","-0.58%"
"12/02/2024","3.260","3.284","3.284","3.223","-0.46%"
"11/29/2024","3.275","3.337","3.339","3.275","-2.06%"
"11/28/2024","3.344","3.392","3.409","3.340","-1.76%"
"11/27/2024","3.404","3.434","3.462","3.400","-1.65%"
"11/26/2024","3.461","3.485","3.492","3.440","-0.52%"
"11/25/2024","3.479","3.496","3.533","3.452","-0.74%"
"11/22/2024","3.505","3.578","3.588","3.487","-1.99%"
"11/21/2024","3.576","3.607","3.616","3.551","0.03%"
"11/20/2024","3.575","3.572","3.615","3.564","0.59%"
"11/19/2024","3.554","3.535","3.584","3.500","-0.53%"
"11/18/2024","3.573","3.555","3.636","3.555","0.48%"
"11/15/2024","3.556","3.564","3.578","3.521","0.25%"
"11/14/2024","3.547","3.640","3.649","3.546","-2.12%"
"11/13/2024","3.624","3.677","3.683","3.607","-0.33%"
"11/12/2024","3.636","3.619","3.638","3.570","1.20%"
"11/11/2024","3.593","3.621","3.641","3.587","-1.86%"
"11/08/2024","3.661","3.682","3.703","3.650","-2.03%"
"11/07/2024","3.737","3.631","3.842","3.619","-0.03%"
"11/06/2024","3.738","3.631","3.755","3.619","1.80%"
"11/05/2024","3.672","3.684","3.717","3.655","0.11%"
"11/04/2024","3.668","3.670","3.693","3.652","-0.49%"
"11/01/2024","3.686","3.677","3.704","3.639","0.55%"
"10/31/2024","3.666","3.684","3.730","3.649","1.05%"
"10/30/2024","3.628","3.544","3.639","3.519","1.77%"
"10/29/2024","3.565","3.492","3.566","3.492","1.97%"
"10/28/2024","3.496","3.553","3.553","3.470","-0.43%"
"10/25/2024","3.511","3.476","3.512","3.465","1.18%"
"10/24/2024","3.470","3.491","3.496","3.453","-1.53%"
"10/23/2024","3.524","3.549","3.549","3.521","-0.84%"
"10/22/2024","3.554","3.543","3.569","3.516","1.22%"
"10/21/2024","3.511","3.378","3.517","3.378","4.49%"
"10/18/2024","3.360","3.427","3.428","3.352","-1.32%"
"10/17/2024","3.405","3.424","3.434","3.382","-0.15%"
"10/16/2024","3.410","3.441","3.453","3.405","-1.59%"
"10/15/2024","3.465","3.503","3.510","3.462","-2.34%"
"10/14/2024","3.548","3.540","3.562","3.533","-0.34%"
"10/11/2024","3.560","3.539","3.609","3.539","0.76%"
"10/10/2024","3.533","3.582","3.584","3.531","-0.76%"
"10/09/2024","3.560","3.539","3.571","3.539","0.17%"
"10/08/2024","3.554","3.571","3.587","3.552","-0.39%"
"10/07/2024","3.568","3.530","3.575","3.524","1.54%"
"10/04/2024","3.514","3.494","3.545","3.483","1.04%"
"10/03/2024","3.478","3.445","3.493","3.444","1.49%"
"10/02/2024","3.427","3.384","3.453","3.384","1.48%"
"10/01/2024","3.377","3.439","3.439","3.338","-2.54%"
"09/30/2024","3.465","3.469","3.511","3.442","0.23%"
"09/27/2024","3.457","3.454","3.479","3.418","-0.77%"
"09/26/2024","3.484","3.509","3.514","3.432","-1.53%"
"09/25/2024","3.538","3.482","3.543","3.470","1.67%"
"09/24/2024","3.480","3.503","3.549","3.476","-1.08%"
"09/23/2024","3.518","3.548","3.557","3.514","-1.18%"
"09/20/2024","3.560","3.546","3.582","3.535","0.14%"
"09/19/2024","3.555","3.570","3.587","3.550","-0.50%"
"09/18/2024","3.573","3.512","3.581","3.508","2.09%"
"09/17/2024","3.500","3.464","3.507","3.441","0.63%"
"09/16/2024","3.478","3.509","3.523","3.476","-1.02%"
"09/13/2024","3.514","3.514","3.536","3.506","-0.79%"
"09/12/2024","3.542","3.543","3.556","3.509","2.25%"
"09/11/2024","3.464","3.488","3.509","3.450","-1.42%"
"09/10/2024","3.514","3.559","3.571","3.514","-0.96%"
"09/09/2024","3.548","3.593","3.613","3.544","-0.22%"
"09/06/2024","3.556","3.548","3.572","3.506","-0.31%"
"09/05/2024","3.567","3.575","3.604","3.544","-0.50%"
"09/04/2024","3.585","3.653","3.660","3.573","-2.45%"
"09/03/2024","3.675","3.703","3.729","3.654","-0.81%"
"09/02/2024","3.705","3.732","3.743","3.697","0.38%"
"08/30/2024","3.691","3.663","3.697","3.633","0.96%"
"08/29/2024","3.656","3.654","3.669","3.598","0.16%"
"08/28/2024","3.650","3.650","3.655","3.608","-0.38%"
"08/27/2024","3.664","3.614","3.686","3.614","1.86%"
"08/26/2024","3.597","3.561","3.617","3.561","0.81%"
"08/23/2024","3.568","3.605","3.618","3.557","-1.30%"
"08/22/2024","3.615","3.570","3.617","3.547","1.40%"
"08/21/2024","3.565","3.602","3.604","3.562","-0.81%"
"08/20/2024","3.594","3.619","3.627","3.591","-0.83%"
"08/19/2024","3.624","3.620","3.638","3.587","-0.47%"
"08/16/2024","3.641","3.616","3.647","3.594","0.05%"
"08/15/2024","3.639","3.555","3.643","3.550","2.02%"
"08/14/2024","3.567","3.568","3.601","3.562","-0.25%"
"08/13/2024","3.576","3.639","3.644","3.568","-1.81%"
"08/12/2024","3.642","3.662","3.665","3.639","-0.05%"
"08/09/2024","3.644","3.675","3.676","3.634","-1.49%"
"08/08/2024","3.699","3.691","3.708","3.672","-0.24%"
"08/07/2024","3.708","3.665","3.727","3.662","1.39%"
"08/06/2024","3.657","3.677","3.692","3.626","-0.76%"
"08/05/2024","3.685","3.628","3.685","3.608","1.60%"
"08/02/2024","3.627","3.663","3.666","3.601","-0.49%"
"08/01/2024","3.645","3.648","3.681","3.628","-0.22%"
"07/31/2024","3.653","3.684","3.691","3.649","-1.35%"
"07/30/2024","3.703","3.703","3.724","3.687","-0.16%"
"07/29/2024","3.709","3.743","3.751","3.685","-1.41%"
"07/26/2024","3.762","3.814","3.842","3.753","-0.40%"
"07/25/2024","3.777","3.803","3.821","3.768","-0.55%"
"07/24/2024","3.798","3.771","3.808","3.758","1.25%"
"07/23/2024","3.751","3.792","3.795","3.743","-0.69%"
"07/22/2024","3.777","3.764","3.777","3.738","-0.05%"
"07/19/2024","3.779","3.728","3.780","3.722","1.61%"
"07/18/2024","3.719","3.711","3.738","3.689","0.13%"
"07/17/2024","3.714","3.697","3.739","3.686","0.16%"
"07/16/2024","3.708","3.734","3.738","3.706","-1.07%"
"07/15/2024","3.748","3.806","3.806","3.747","-1.19%"
"07/12/2024","3.793","3.808","3.832","3.771","0.08%"
"07/11/2024","3.790","3.859","3.880","3.773","-1.89%"
"07/10/2024","3.863","3.902","3.904","3.845","-2.30%"
"07/09/2024","3.954","3.910","3.961","3.900","1.62%"
"07/08/2024","3.891","3.967","3.967","3.881","-1.27%"
"07/05/2024","3.941","3.977","3.979","3.925","-1.55%"
"07/04/2024","4.003","4.002","4.016","3.997","0.28%"
"07/03/2024","3.992","4.029","4.053","3.970","-1.84%"
"07/02/2024","4.067","4.097","4.142","4.044","-1.09%"
"07/01/2024","4.112","4.037","4.110","4.037","1.11%"
"06/28/2024","4.067","4.011","4.093","4.009","0.92%"
"06/27/2024","4.030","3.999","4.044","3.999","0.88%"
"06/26/2024","3.995","3.920","3.997","3.920","1.68%"
"06/25/2024","3.929","3.912","3.958","3.895","-0.15%"
"06/24/2024","3.935","3.929","3.935","3.899","-0.23%"
"06/21/2024","3.944","3.912","3.950","3.874","0.00%"
"06/20/2024","3.944","3.980","3.982","3.927","0.03%"
"06/19/2024","3.943","3.885","3.954","3.878","1.47%"
"06/18/2024","3.886","3.914","3.947","3.865","-1.57%"
"06/17/2024","3.948","3.898","3.957","3.878","0.59%"
"06/14/2024","3.925","3.950","3.974","3.906","-0.66%"
"06/13/2024","3.951","3.957","3.992","3.913","0.74%"
"06/12/2024","3.922","4.043","4.066","3.918","-3.59%"
"06/11/2024","4.068","4.057","4.181","4.057","-0.29%"
"06/10/2024","4.080","4.013","4.097","4.008","2.77%"
"06/07/2024","3.970","3.880","3.985","3.876","2.74%"
"06/06/2024","3.864","3.815","3.899","3.808","1.44%"
"06/05/2024","3.809","3.880","3.884","3.804","-1.30%"
"06/04/2024","3.859","3.899","3.896","3.826","-0.72%"
"06/03/2024","3.887","3.947","3.968","3.866","-2.19%"
"05/31/2024","3.974","3.954","4.006","3.937","0.30%"
"05/30/2024","3.962","4.004","4.005","3.955","-1.34%"
"05/29/2024","4.016","3.935","4.017","3.907","2.95%"
"05/28/2024","3.901","3.839","3.906","3.831","1.77%"
"05/27/2024","3.833","3.888","3.905","3.820","-1.59%"
"05/24/2024","3.895","3.888","3.927","3.872","0.05%"
"05/23/2024","3.893","3.820","3.910","3.794","1.57%"
"05/22/2024","3.833","3.847","3.870","3.814","0.82%"
"05/21/2024","3.802","3.813","3.831","3.784","-0.37%"
"05/20/2024","3.816","3.827","3.829","3.799","0.08%"
"05/17/2024","3.813","3.764","3.815","3.760","1.60%"
"05/16/2024","3.753","3.719","3.757","3.713","0.48%"
"05/15/2024","3.735","3.855","3.855","3.730","-4.16%"
"05/14/2024","3.897","3.861","3.912","3.835","1.01%"
"05/13/2024","3.858","3.835","3.862","3.821","0.00%"
"05/10/2024","3.858","3.794","3.859","3.782","0.60%"
"05/09/2024","3.835","3.824","3.864","3.806","0.87%"
"05/08/2024","3.802","3.791","3.819","3.774","1.20%"
"05/07/2024","3.757","3.782","3.805","3.750","-1.18%"
"05/06/2024","3.802","3.763","3.807","3.740","-0.47%"
"05/03/2024","3.820","3.843","3.875","3.756","-1.19%"
"05/02/2024","3.866","3.873","3.904","3.832","-0.31%"
"05/01/2024","3.878","3.829","3.878","3.877","-0.03%"
"04/30/2024","3.879","3.829","3.895","3.827","1.46%"
"04/29/2024","3.823","3.871","3.874","3.807","-1.65%"
"04/26/2024","3.887","3.944","3.958","3.867","-2.75%"
"04/25/2024","3.997","3.957","4.035","3.916","0.91%"
"04/24/2024","3.961","3.859","3.967","3.844","3.85%"
"04/23/2024","3.814","3.797","3.866","3.784","-0.05%"
"04/22/2024","3.816","3.896","3.920","3.815","-2.08%"
"04/19/2024","3.897","3.867","3.919","3.835","0.05%"
"04/18/2024","3.895","3.843","3.904","3.826","0.23%"
"04/17/2024","3.886","3.912","3.929","3.839","-0.77%"
"04/16/2024","3.916","3.862","3.939","3.845","1.77%"
"04/15/2024","3.848","3.756","3.854","3.750","2.81%"
"04/12/2024","3.743","3.795","3.803","3.701","-2.75%"
"04/11/2024","3.849","3.800","3.878","3.773","2.04%"
"04/10/2024","3.772","3.724","3.808","3.661","1.48%"
"04/09/2024","3.717","3.768","3.786","3.709","-2.16%"
"04/08/2024","3.799","3.830","3.835","3.791","0.34%"
"04/05/2024","3.786","3.725","3.801","3.714","1.91%"
"04/04/2024","3.715","3.796","3.808","3.702","-3.08%"
"04/03/2024","3.833","3.789","3.883","3.788","0.66%"
"04/02/2024","3.808","3.757","3.827","3.706","3.56%"
"04/01/2024","3.677","3.641","3.677","3.677","0.27%"
"03/29/2024","3.667","3.641","3.667","3.657","-0.27%"
"03/28/2024","3.677","3.641","3.705","3.641","1.74%"
"03/27/2024","3.614","3.637","3.652","3.607","-1.18%"
"03/26/2024","3.657","3.679","3.690","3.630","-1.03%"
"03/25/2024","3.695","3.655","3.711","3.635","1.54%"
"03/22/2024","3.639","3.667","3.691","3.627","-1.01%"
"03/21/2024","3.676","3.691","3.704","3.639","-1.10%"
"03/20/2024","3.717","3.664","3.722","3.659","0.03%"
"03/19/2024","3.716","3.694","3.725","3.673","0.90%"
"03/18/2024","3.683","3.684","3.714","3.670","-0.32%"
"03/15/2024","3.695","3.734","3.739","3.665","0.14%"
"03/14/2024","3.690","3.604","3.696","3.527","2.70%"
"03/13/2024","3.593","3.583","3.638","3.569","-0.44%"
"03/12/2024","3.609","3.611","3.634","3.567","-0.52%"
"03/11/2024","3.628","3.559","3.653","3.552","1.31%"
"03/08/2024","3.581","3.596","3.618","3.559","-0.86%"
"03/07/2024","3.612","3.663","3.705","3.556","-1.34%"
"03/06/2024","3.661","3.714","3.733","3.654","-1.35%"
"03/05/2024","3.711","3.785","3.796","3.683","-2.93%"
"03/04/2024","3.823","3.908","3.908","3.817","-1.87%"
"03/01/2024","3.896","3.869","3.939","3.853","1.46%"
"02/29/2024","3.840","3.867","3.957","3.830","-1.39%"
"02/28/2024","3.894","3.915","3.918","3.873","-0.33%"
"02/27/2024","3.907","3.892","3.907","3.869","0.31%"
"02/26/2024","3.895","3.792","3.895","3.783","2.28%"
"02/23/2024","3.808","3.916","3.966","3.805","-2.73%"
"02/22/2024","3.915","3.958","4.004","3.890","-0.94%"
"02/21/2024","3.952","3.885","3.954","3.852","2.25%"
"02/20/2024","3.865","3.897","3.902","3.850","-1.05%"
"02/19/2024","3.906","3.889","3.911","3.862","0.67%"
"02/16/2024","3.880","3.883","3.917","3.865","0.57%"
"02/15/2024","3.858","3.816","3.858","3.797","-0.05%"
"02/14/2024","3.860","3.935","3.935","3.855","-2.11%"
"02/13/2024","3.943","3.924","3.986","3.865","0.79%"
"02/12/2024","3.912","3.930","3.945","3.891","-1.51%"
"02/09/2024","3.972","3.961","3.980","3.906","0.97%"
"02/08/2024","3.934","3.889","3.943","3.861","1.03%"
"02/07/2024","3.894","3.846","3.894","3.842","0.83%"
"02/06/2024","3.862","3.857","3.908","3.838","-0.69%"
"02/05/2024","3.889","3.750","3.913","3.717","1.91%"
"02/02/2024","3.816","3.750","3.825","3.717","2.66%"
"02/01/2024","3.717","3.765","3.802","3.711","-0.27%"
"01/31/2024","3.727","3.745","3.797","3.718","-2.02%"
"01/30/2024","3.804","3.711","3.835","3.711","1.74%"
"01/29/2024","3.739","3.789","3.801","3.738","-2.25%"
"01/26/2024","3.825","3.786","3.846","3.762","-0.18%"
"01/25/2024","3.832","3.918","3.952","3.814","-1.92%"
"01/24/2024","3.907","3.887","3.907","3.830","-0.36%"
"01/23/2024","3.921","3.875","3.927","3.862","1.95%"
"01/22/2024","3.846","3.845","3.861","3.816","-0.88%"
"01/19/2024","3.880","3.897","3.912","3.843","-1.20%"
"01/18/2024","3.927","3.904","3.928","3.870","0.20%"
"01/17/2024","3.919","3.901","3.938","3.834","2.32%"
"01/16/2024","3.830","3.819","3.835","3.775","0.45%"
"01/15/2024","3.813","3.781","3.829","3.763","2.17%"
"01/12/2024","3.732","3.772","3.799","3.703","-2.23%"
"01/11/2024","3.817","3.815","3.855","3.769","-0.88%"
"01/10/2024","3.851","3.840","3.855","3.785","-0.10%"
"01/09/2024","3.855","3.873","3.889","3.807","1.10%"
"01/08/2024","3.813","3.892","3.913","3.801","-0.42%"
"01/05/2024","3.829","3.836","3.914","3.782","0.76%"
"01/04/2024","3.800","3.673","3.842","3.668","2.70%"
"01/03/2024","3.700","3.752","3.788","3.697","-0.56%"
"01/02/2024","3.721","3.762","3.784","3.697","0.73%"
"01/01/2024","3.694","3.587","3.698","3.694","-0.14%"
"12/29/2023","3.699","3.587","3.716","3.584","2.72%"
"12/28/2023","3.601","3.483","3.609","3.479","3.36%"
"12/27/2023","3.484","3.517","3.526","3.468","-1.69%"
"12/25/2023","3.544","3.607","3.546","3.544","-0.14%"
"12/22/2023","3.549","3.607","3.618","3.538","-1.03%"
"12/21/2023","3.586","3.600","3.618","3.550","-0.53%"
"12/20/2023","3.605","3.613","3.632","3.586","-1.02%"
"12/19/2023","3.642","3.726","3.727","3.635","-3.47%"
"12/18/2023","3.773","3.743","3.777","3.690","1.23%"
"12/15/2023","3.727","3.813","3.813","3.700","-1.64%"
"12/14/2023","3.789","3.785","3.843","3.745","-3.83%"
"12/13/2023","3.940","3.989","3.997","3.931","-1.62%"
"12/12/2023","4.005","3.981","4.035","3.977","-1.55%"
"12/11/2023","4.068","4.049","4.077","4.041","0.00%"
"12/08/2023","4.068","3.977","4.088","3.970","3.09%"
"12/07/2023","3.946","3.987","3.987","3.917","-0.13%"
"12/06/2023","3.951","3.980","4.043","3.950","-1.08%"
"12/05/2023","3.994","4.060","4.075","3.985","-3.03%"
"12/04/2023","4.119","4.103","4.142","4.071","0.39%"
"12/01/2023","4.103","4.228","4.230","4.093","-3.14%"
"11/30/2023","4.236","4.160","4.261","4.154","1.53%"
"11/29/2023","4.172","4.211","4.222","4.159","-2.09%"
"11/28/2023","4.261","4.285","4.354","4.252","-0.88%"
"11/27/2023","4.299","4.367","4.391","4.296","-2.34%"
"11/24/2023","4.402","4.419","4.431","4.375","0.18%"
"11/23/2023","4.394","4.342","4.396","4.331","1.90%"
"11/22/2023","4.312","4.336","4.362","4.266","-0.21%"
"11/21/2023","4.321","4.313","4.334","4.295","-0.87%"
"11/20/2023","4.359","4.330","4.374","4.319","0.13%"
"11/18/2023","4.353","4.353","4.353","4.353","-0.29%"
"11/17/2023","4.366","4.310","4.370","4.254","0.41%"
"11/16/2023","4.348","4.409","4.418","4.328","-2.31%"
"11/15/2023","4.451","4.409","4.455","4.363","0.91%"
"11/14/2023","4.411","4.543","4.570","4.404","-3.27%"
"11/13/2023","4.560","4.557","4.603","4.514","-0.39%"
"11/10/2023","4.578","4.563","4.613","4.552","1.44%"
"11/09/2023","4.513","4.487","4.534","4.473","0.78%"
"11/08/2023","4.478","4.571","4.571","4.472","-0.33%"
"11/07/2023","4.493","4.602","4.603","4.485","-1.99%"
"11/06/2023","4.584","4.507","4.587","4.489","3.20%"
"11/05/2023","4.442","4.442","4.442","4.442","0.00%"
"11/04/2023","4.442","4.442","4.442","4.442","-0.11%"
"11/03/2023","4.447","4.567","4.567","4.436","-2.41%"
"11/02/2023","4.557","4.637","4.645","4.494","-2.48%"
"11/01/2023","4.673","4.774","4.790","4.643","-1.12%"
"10/31/2023","4.726","4.711","4.737","4.667","-0.30%"
"10/30/2023","4.740","4.749","4.794","4.704","-1.23%"
"10/29/2023","4.799","4.799","4.799","4.799","0.00%"
"10/28/2023","4.799","4.799","4.799","4.799","-0.27%"
"10/27/2023","4.812","4.852","4.867","4.789","-0.78%"
"10/26/2023","4.850","4.974","4.984","4.813","-1.34%"
"10/25/2023","4.916","4.843","4.925","4.840","1.42%"
"10/24/2023","4.847","4.782","4.847","4.753","0.10%"
"10/23/2023","4.842","4.917","4.985","4.829","-1.68%"
"10/22/2023","4.924","4.924","4.924","4.924","0.00%"
"10/21/2023","4.924","4.924","4.924","4.924","0.03%"
"10/20/2023","4.923","4.938","4.969","4.890","-0.44%"
"10/19/2023","4.945","5.031","5.035","4.941","-0.78%"
"10/18/2023","4.984","4.929","4.998","4.909","1.88%"
"10/17/2023","4.892","4.832","4.925","4.802","2.39%"
"10/16/2023","4.778","4.797","4.822","4.757","0.14%"
"10/15/2023","4.772","4.772","4.772","4.772","0.00%"
"10/14/2023","4.772","4.772","4.772","4.772","-0.07%"
"10/13/2023","4.775","4.759","4.779","4.703","0.36%"
"10/12/2023","4.758","4.632","4.765","4.631","1.99%"
"10/11/2023","4.665","4.762","4.763","4.651","-1.37%"
"10/10/2023","4.730","4.844","4.867","4.729","-2.19%"
"10/09/2023","4.836","4.912","4.962","4.829","-1.50%"
"10/08/2023","4.910","4.910","4.910","4.910","0.00%"
"10/07/2023","4.910","4.910","4.910","4.910","-0.29%"
"10/06/2023","4.924","4.928","5.014","4.910","0.47%"
"10/05/2023","4.901","4.905","4.950","4.866","0.25%"
"10/04/2023","4.889","5.022","5.024","4.885","-0.87%"
"10/03/2023","4.932","4.823","4.937","4.797","2.49%"
"10/02/2023","4.812","4.786","4.821","4.745","0.74%"
"10/01/2023","4.777","4.777","4.777","4.777","0.00%"
"09/30/2023","4.777","4.777","4.777","4.777","-0.49%"
"09/29/2023","4.800","4.827","4.836","4.739","-1.68%"
"09/28/2023","4.882","4.814","4.960","4.814","2.01%"
"09/27/2023","4.786","4.728","4.787","4.677","1.18%"
"09/26/2023","4.730","4.702","4.733","4.661","1.68%"
"09/25/2023","4.652","4.606","4.693","4.579","1.39%"
"09/24/2023","4.588","4.588","4.588","4.588","0.00%"
"09/23/2023","4.588","4.588","4.588","4.588","-0.04%"
"09/22/2023","4.590","4.558","4.599","4.497","0.95%"
"09/21/2023","4.547","4.518","4.582","4.497","2.11%"
"09/20/2023","4.453","4.516","4.521","4.453","-1.44%"
"09/19/2023","4.518","4.524","4.548","4.472","-0.09%"
"09/18/2023","4.522","4.486","4.531","4.468","1.39%"
"09/17/2023","4.460","4.460","4.460","4.460","0.00%"
"09/16/2023","4.460","4.460","4.460","4.460","-0.16%"
"09/15/2023","4.467","4.379","4.477","4.377","2.62%"
"09/14/2023","4.353","4.446","4.463","4.309","-2.51%"
"09/13/2023","4.465","4.430","4.492","4.425","1.25%"
"09/12/2023","4.410","4.411","4.411","4.357","0.30%"
"09/11/2023","4.397","4.384","4.407","4.352","1.20%"
"09/09/2023","4.345","4.345","4.345","4.345","-0.05%"
"09/08/2023","4.347","4.307","4.368","4.288","-0.18%"
"09/07/2023","4.355","4.399","4.410","4.342","-1.25%"
"09/06/2023","4.410","4.352","4.419","4.318","1.47%"
"09/05/2023","4.346","4.325","4.348","4.299","1.28%"
"09/04/2023","4.291","4.252","4.309","4.246","1.23%"
"09/01/2023","4.239","4.158","4.239","4.110","2.79%"
"08/31/2023","4.124","4.198","4.198","4.106","-1.67%"
"08/30/2023","4.194","4.220","4.245","4.172","0.99%"
"08/29/2023","4.153","4.203","4.234","4.143","-1.73%"
"08/28/2023","4.226","4.231","4.279","4.208","-0.09%"
"08/25/2023","4.230","4.207","4.255","4.181","1.10%"
"08/24/2023","4.184","4.121","4.196","4.094","0.17%"
"08/23/2023","4.177","4.294","4.299","4.170","-2.97%"
"08/22/2023","4.305","4.357","4.411","4.305","-2.34%"
"08/21/2023","4.408","4.357","4.411","4.311","1.94%"
"08/18/2023","4.324","4.325","4.350","4.293","-2.11%"
"08/17/2023","4.417","4.411","4.418","4.378","1.35%"
"08/16/2023","4.358","4.352","4.373","4.324","-0.05%"
"08/15/2023","4.360","4.314","4.431","4.311","1.70%"
"08/14/2023","4.287","4.262","4.293","4.215","0.56%"
"08/11/2023","4.263","4.192","4.264","4.172","2.65%"
"08/10/2023","4.153","4.158","4.171","4.115","0.02%"
"08/09/2023","4.152","4.115","4.174","4.100","0.46%"
"08/08/2023","4.133","4.179","4.189","4.115","-2.96%"
"08/07/2023","4.259","4.231","4.319","4.210","1.09%"
"08/04/2023","4.213","4.295","4.323","4.206","-0.94%"
"08/03/2023","4.253","4.234","4.285","4.209","1.33%"
"08/02/2023","4.197","4.168","4.197","4.126","0.10%"
"08/01/2023","4.193","4.097","4.197","4.085","2.17%"
"07/31/2023","4.104","4.148","4.155","4.095","-0.36%"
"07/28/2023","4.119","4.169","4.170","4.063","1.05%"
"07/27/2023","4.076","4.071","4.126","4.014","-0.66%"
"07/26/2023","4.103","4.080","4.119","4.061","0.98%"
"07/25/2023","4.063","4.071","4.089","4.040","0.87%"
"07/24/2023","4.028","4.084","4.100","4.005","-0.96%"
"07/22/2023","4.067","4.067","4.067","4.067","-0.07%"
"07/21/2023","4.070","4.100","4.122","4.059","-1.00%"
"07/20/2023","4.111","4.085","4.124","4.057","0.88%"
"07/19/2023","4.075","3.956","4.080","3.940","1.52%"
"07/18/2023","4.014","4.109","4.128","3.996","-3.60%"
"07/17/2023","4.164","4.157","4.190","4.129","-0.34%"
"07/14/2023","4.178","4.164","4.184","4.131","0.58%"
"07/13/2023","4.154","4.231","4.232","4.115","-2.72%"
"07/12/2023","4.270","4.387","4.395","4.267","-3.46%"
"07/11/2023","4.423","4.355","4.423","4.335","0.77%"
"07/10/2023","4.389","4.379","4.419","4.353","0.67%"
"07/07/2023","4.360","4.365","4.421","4.328","-0.77%"
"07/06/2023","4.394","4.220","4.396","4.187","5.40%"
"07/05/2023","4.169","4.211","4.224","4.131","-0.88%"
"07/04/2023","4.206","4.161","4.230","4.161","1.50%"
"07/03/2023","4.144","4.055","4.152","4.037","1.69%"
"06/30/2023","4.075","4.108","4.154","4.060","-0.59%"
"06/29/2023","4.099","4.008","4.123","3.982","3.22%"
"06/28/2023","3.971","3.996","4.023","3.944","-0.55%"
"06/27/2023","3.993","3.978","4.004","3.937","1.22%"
"06/26/2023","3.945","3.997","4.004","3.928","-1.13%"
"06/23/2023","3.990","4.100","4.104","3.960","-3.25%"
"06/22/2023","4.124","4.049","4.142","4.044","1.90%"
"06/21/2023","4.047","4.074","4.083","4.026","0.47%"
"06/20/2023","4.028","4.100","4.100","4.024","-2.47%"
"06/19/2023","4.130","4.030","4.141","4.021","2.33%"
"06/16/2023","4.036","4.154","4.175","3.988","-2.16%"
"06/15/2023","4.125","4.155","4.241","4.085","0.81%"
"06/14/2023","4.092","4.103","4.114","4.059","0.47%"
"06/13/2023","4.073","4.065","4.081","3.985","0.32%"
"06/12/2023","4.060","4.111","4.134","4.007","-1.43%"
"06/09/2023","4.119","4.190","4.203","4.103","-1.93%"
"06/08/2023","4.200","4.316","4.319","4.200","-1.62%"
"06/07/2023","4.269","4.163","4.271","4.160","2.50%"
"06/06/2023","4.165","4.161","4.194","4.088","2.92%"
"06/05/2023","4.047","4.035","4.082","4.029","1.97%"
"06/03/2023","3.969","3.969","3.969","3.969","-0.40%"
"06/02/2023","3.985","4.089","4.113","3.969","-0.60%"
"06/01/2023","4.009","4.089","4.113","3.994","-2.05%"
"05/31/2023","4.093","4.085","4.116","4.054","-1.61%"
"05/30/2023","4.160","4.281","4.281","4.151","-2.78%"
"05/29/2023","4.279","4.371","4.377","4.268","-2.51%"
"05/26/2023","4.389","4.396","4.451","4.368","0.05%"
"05/25/2023","4.387","4.346","4.389","4.273","1.36%"
"05/24/2023","4.328","4.368","4.376","4.282","0.02%"
"05/23/2023","4.327","4.335","4.352","4.318","0.35%"
"05/22/2023","4.312","4.270","4.320","4.223","1.17%"
"05/19/2023","4.262","4.339","4.355","4.254","-1.07%"
"05/18/2023","4.308","4.211","4.313","4.210","2.89%"
"05/17/2023","4.187","4.206","4.217","4.153","-0.95%"
"05/16/2023","4.227","4.149","4.231","4.133","1.10%"
"05/15/2023","4.181","4.192","4.204","4.145","0.17%"
"05/12/2023","4.174","4.150","4.178","4.119","1.53%"
"05/11/2023","4.111","4.182","4.219","4.087","-2.40%"
"05/10/2023","4.212","4.283","4.299","4.186","-1.50%"
"05/09/2023","4.276","4.239","4.292","4.217","0.85%"
"05/08/2023","4.240","4.195","4.265","4.187","1.00%"
"05/05/2023","4.198","4.154","4.225","4.141","1.99%"
"05/04/2023","4.116","4.143","4.245","4.093","-0.22%"
"05/03/2023","4.125","4.160","4.175","4.117","-1.15%"
"05/02/2023","4.173","4.272","4.298","4.161","-0.33%"
"05/01/2023","4.187","4.202","4.202","4.187","0.10%"
"04/28/2023","4.183","4.374","4.374","4.173","-3.91%"
"04/27/2023","4.353","4.301","4.364","4.281","2.28%"
"04/26/2023","4.256","4.271","4.295","4.220","-0.12%"
"04/25/2023","4.261","4.373","4.373","4.247","-2.58%"
"04/24/2023","4.374","4.333","4.375","4.297","0.41%"
"04/21/2023","4.356","4.281","4.369","4.280","1.07%"
"04/20/2023","4.310","4.323","4.377","4.306","-1.26%"
"04/19/2023","4.365","4.354","4.367","4.325","1.49%"
"04/18/2023","4.301","4.310","4.347","4.247","-0.09%"
"04/17/2023","4.305","4.283","4.340","4.269","0.33%"
"04/14/2023","4.291","4.235","4.293","4.207","1.68%"
"04/13/2023","4.220","4.188","4.270","4.178","0.09%"
"04/12/2023","4.216","4.167","4.257","4.075","1.30%"
"04/11/2023","4.162","4.130","4.174","4.080","3.31%"
"04/10/2023","4.029","4.029","4.029","4.029","0.22%"
"04/07/2023","4.019","4.012","4.019","4.012","-0.36%"
"04/06/2023","4.034","4.045","4.055","3.964","0.57%"
"04/05/2023","4.011","4.149","4.168","4.011","-2.50%"
"04/04/2023","4.114","4.118","4.205","4.102","0.56%"
"04/03/2023","4.091","4.137","4.196","4.085","-0.17%"
"03/31/2023","4.098","4.235","4.266","4.098","-3.23%"
"03/30/2023","4.235","4.090","4.262","4.049","2.27%"
"03/29/2023","4.141","4.150","4.169","4.095","0.00%"
"03/28/2023","4.141","4.112","4.185","4.109","1.97%"
"03/27/2023","4.061","4.043","4.105","3.995","1.26%"
"03/25/2023","4.010","4.010","4.010","4.010","-0.14%"
"03/24/2023","4.016","4.117","4.161","3.928","-1.01%"
"03/23/2023","4.057","4.117","4.161","4.036","-2.80%"
"03/22/2023","4.174","4.165","4.244","4.135","1.53%"
"03/21/2023","4.111","4.005","4.126","3.975","3.32%"
"03/20/2023","3.979","3.983","4.038","3.959","-1.63%"
"03/17/2023","4.045","4.140","4.173","4.008","-2.97%"
"03/16/2023","4.169","4.166","4.229","4.030","1.66%"
"03/15/2023","4.101","4.319","4.339","4.075","-4.14%"
"03/14/2023","4.278","4.181","4.316","4.151","1.66%"
"03/13/2023","4.208","4.286","4.302","4.065","-2.68%"
"03/10/2023","4.324","4.322","4.361","4.242","-1.41%"
"03/09/2023","4.386","4.471","4.501","4.374","-0.77%"
"03/08/2023","4.420","4.561","4.565","4.397","-2.23%"
"03/07/2023","4.521","4.569","4.598","4.432","-1.14%"
"03/06/2023","4.573","4.459","4.574","4.420","0.77%"
"03/03/2023","4.538","4.598","4.603","4.525","-1.80%"
"03/02/2023","4.621","4.645","4.645","4.544","0.96%"
"03/01/2023","4.577","4.545","4.581","4.474","2.33%"
"02/28/2023","4.473","4.521","4.575","4.456","1.18%"
"02/27/2023","4.421","4.404","4.460","4.385","-0.29%"
"02/24/2023","4.434","4.341","4.499","4.306","1.46%"
"02/23/2023","4.370","4.468","4.479","4.353","-2.04%"
"02/22/2023","4.461","4.471","4.537","4.425","-0.11%"
"02/21/2023","4.466","4.351","4.486","4.351","3.02%"
"02/20/2023","4.335","4.275","4.343","4.262","1.38%"
"02/18/2023","4.276","4.276","4.276","4.276","-0.49%"
"02/17/2023","4.297","4.459","4.484","4.280","-0.62%"
"02/16/2023","4.324","4.308","4.401","4.305","0.00%"
"02/15/2023","4.324","4.222","4.345","4.188","2.10%"
"02/14/2023","4.235","4.135","4.239","4.113","1.39%"
"02/13/2023","4.177","4.246","4.270","4.169","-0.75%"
"02/11/2023","4.208","4.208","4.208","4.208","-0.11%"
"02/10/2023","4.213","4.202","4.231","4.156","1.98%"
"02/09/2023","4.131","4.184","4.189","4.077","-2.43%"
"02/08/2023","4.234","4.206","4.291","4.201","0.47%"
"02/07/2023","4.214","4.174","4.225","4.159","1.47%"
"02/06/2023","4.153","4.094","4.178","4.087","3.62%"
"02/03/2023","4.008","3.937","4.072","3.906","3.11%"
"02/02/2023","3.887","4.221","4.239","3.862","-9.44%"
"02/01/2023","4.292","4.255","4.310","4.216","0.47%"
"01/31/2023","4.272","4.248","4.313","4.244","-1.07%"
"01/30/2023","4.318","4.200","4.339","4.200","2.18%"
"01/27/2023","4.226","4.189","4.273","4.187","1.34%"
"01/26/2023","4.170","4.082","4.170","4.066","2.03%"
"01/25/2023","4.087","4.133","4.154","3.985","4.37%"
"01/24/2023","3.916","3.998","4.018","3.913","-2.76%"
"01/23/2023","4.027","4.028","4.056","3.963","1.30%"
"01/22/2023","3.976","3.976","3.976","3.976","-0.16%"
"01/20/2023","3.982","3.808","3.982","3.796","5.90%"
"01/19/2023","3.760","3.760","3.858","3.692","0.11%"
"01/18/2023","3.756","3.875","3.923","3.691","-3.22%"
"01/17/2023","3.881","4.050","4.068","3.845","-3.24%"
"01/16/2023","4.011","3.990","4.084","3.986","0.33%"
"01/15/2023","3.998","3.998","3.998","3.998","-0.30%"
"01/13/2023","4.010","3.977","4.011","3.871","0.30%"
"01/12/2023","3.998","4.000","4.024","3.872","-1.14%"
"01/11/2023","4.044","4.170","4.176","4.013","-4.15%"
"01/10/2023","4.219","4.238","4.259","4.187","0.98%"
"01/09/2023","4.178","4.286","4.311","4.166","-1.02%"
"01/08/2023","4.221","4.220","4.221","4.220","-0.12%"
"01/06/2023","4.226","4.311","4.382","4.178","-2.69%"
"01/05/2023","4.343","4.340","4.387","4.267","1.97%"
"01/04/2023","4.259","4.347","4.386","4.252","-5.36%"
"01/03/2023","4.500","4.596","4.633","4.442","-1.21%"
"01/02/2023","4.555","4.680","4.684","4.534","-3.01%"
"01/01/2023","4.696","4.695","4.696","4.695","-0.16%"
"12/30/2022","4.704","4.558","4.705","4.558","3.82%"
"12/29/2022","4.531","4.624","4.649","4.530","-2.16%"
"12/28/2022","4.631","4.612","4.674","4.573","0.32%"
"12/27/2022","4.616","4.533","4.643","4.522","2.54%"
"12/26/2022","4.502","4.503","4.503","4.497","0.14%"
"12/23/2022","4.495","4.479","4.547","4.470","0.58%"
"12/22/2022","4.469","4.428","4.499","4.362","0.93%"
"12/21/2022","4.428","4.455","4.465","4.359","-1.09%"
"12/20/2022","4.477","4.482","4.497","4.420","2.35%"
"12/19/2022","4.374","4.330","4.407","4.292","2.11%"
"12/18/2022","4.284","4.284","4.284","4.284","0.08%"
"12/16/2022","4.280","4.316","4.417","4.277","3.03%"
"12/15/2022","4.154","3.908","4.190","3.863","7.67%"
"12/14/2022","3.858","3.783","3.924","3.783","1.61%"
"12/13/2022","3.797","3.832","3.872","3.686","-1.04%"
"12/12/2022","3.837","3.817","3.849","3.760","0.89%"
"12/11/2022","3.803","3.803","3.803","3.803","-0.42%"
"12/09/2022","3.819","3.733","3.845","3.729","3.41%"
"12/08/2022","3.693","3.617","3.720","3.599","2.41%"
"12/07/2022","3.606","3.587","3.698","3.584","-1.18%"
"12/06/2022","3.649","3.770","3.774","3.639","-2.80%"
"12/05/2022","3.754","3.775","3.787","3.694","0.04%"
"12/04/2022","3.753","3.752","3.753","3.752","0.00%"
"12/02/2022","3.752","3.705","3.786","3.647","1.21%"
"12/01/2022","3.707","3.773","3.808","3.679","-4.34%"
"11/30/2022","3.875","3.890","3.900","3.826","1.41%"
"11/29/2022","3.821","3.849","3.869","3.750","-2.40%"
"11/28/2022","3.915","3.846","3.969","3.823","1.85%"
"11/27/2022","3.844","3.843","3.844","3.843","-0.18%"
"11/25/2022","3.851","3.733","3.892","3.713","4.79%"
"11/24/2022","3.675","3.751","3.769","3.649","-3.24%"
"11/23/2022","3.798","3.937","3.967","3.754","-2.84%"
"11/22/2022","3.909","3.954","3.987","3.883","-0.46%"
"11/21/2022","3.927","3.892","3.960","3.861","1.03%"
"11/20/2022","3.887","3.887","3.887","3.887","-0.04%"
"11/19/2022","3.888","3.888","3.888","3.888","-0.06%"
"11/18/2022","3.891","3.938","4.050","3.870","-1.17%"
"11/17/2022","3.937","3.895","4.028","3.881","-0.10%"
"11/16/2022","3.941","4.047","4.058","3.903","-2.93%"
"11/15/2022","4.060","4.141","4.178","4.017","-2.64%"
"11/14/2022","4.170","4.215","4.234","4.142","-0.50%"
"11/13/2022","4.191","4.191","4.191","4.191","-0.17%"
"11/11/2022","4.198","4.050","4.220","4.034","4.77%"
"11/10/2022","4.007","4.280","4.323","3.994","-6.36%"
"11/09/2022","4.279","4.321","4.407","4.269","-2.37%"
"11/08/2022","4.383","4.510","4.548","4.340","-2.27%"
"11/07/2022","4.485","4.509","4.519","4.406","0.64%"
"11/06/2022","4.457","4.457","4.457","4.457","-0.28%"
"11/04/2022","4.469","4.411","4.500","4.357","1.11%"
"11/03/2022","4.420","4.447","4.455","4.350","3.08%"
"11/02/2022","4.288","4.277","4.341","4.131","0.35%"
"11/01/2022","4.273","4.277","4.293","4.131","-0.77%"
"10/31/2022","4.306","4.199","4.327","4.197","3.61%"
"10/30/2022","4.156","4.155","4.156","4.155","-0.12%"
"10/28/2022","4.161","4.089","4.255","4.059","4.23%"
"10/27/2022","3.992","4.373","4.456","3.985","-7.89%"
"10/26/2022","4.334","4.374","4.460","4.316","-0.87%"
"10/25/2022","4.372","4.464","4.508","4.356","-4.79%"
"10/24/2022","4.592","4.637","4.756","4.554","-5.73%"
"10/23/2022","4.871","4.761","4.871","4.761","2.25%"
"10/21/2022","4.764","4.836","4.899","4.736","0.55%"
"10/20/2022","4.738","4.852","4.870","4.701","-0.71%"
"10/19/2022","4.772","4.725","4.779","4.691","2.01%"
"10/18/2022","4.678","4.681","4.781","4.599","0.39%"
"10/17/2022","4.660","4.728","4.738","4.634","-2.66%"
"10/16/2022","4.787","4.786","4.787","4.786","-0.14%"
"10/14/2022","4.794","4.564","4.813","4.554","2.59%"
"10/13/2022","4.673","4.793","4.870","4.594","-2.99%"
"10/12/2022","4.817","4.712","4.882","4.657","2.82%"
"10/11/2022","4.685","4.719","4.776","4.675","1.60%"
"10/10/2022","4.611","4.768","4.787","4.580","-1.39%"
"10/09/2022","4.676","4.676","4.676","4.676","-0.28%"
"10/07/2022","4.689","4.606","4.734","4.545","3.83%"
"10/06/2022","4.516","4.487","4.543","4.413","1.26%"
"10/05/2022","4.460","4.247","4.480","4.221","6.49%"
"10/04/2022","4.188","4.151","4.220","4.117","-0.40%"
"10/03/2022","4.205","4.583","4.595","4.193","-6.70%"
"09/30/2022","4.507","4.543","4.592","4.484","-3.32%"
"09/29/2022","4.662","4.611","4.727","4.611","1.68%"
"09/28/2022","4.585","4.807","4.927","4.554","-3.07%"
"09/27/2022","4.730","4.633","4.770","4.502","4.51%"
"09/26/2022","4.526","4.488","4.526","4.413","3.81%"
"09/23/2022","4.360","4.178","4.367","4.093","4.38%"
"09/22/2022","4.177","4.186","4.206","4.008","1.31%"
"09/21/2022","4.123","4.169","4.169","4.089","-1.65%"
"09/20/2022","4.192","4.089","4.231","4.059","3.23%"
"09/19/2022","4.061","4.004","4.116","3.997","0.91%"
"09/17/2022","4.024","4.024","4.024","4.024","-0.01%"
"09/16/2022","4.025","4.090","4.105","4.021","-0.12%"
"09/15/2022","4.030","4.040","4.055","3.963","1.26%"
"09/14/2022","3.980","3.951","4.093","3.945","-0.25%"
"09/13/2022","3.990","3.974","4.012","3.852","0.88%"
"09/12/2022","3.955","4.068","4.098","3.922","-1.25%"
"09/09/2022","4.005","4.030","4.081","3.899","1.42%"
"09/08/2022","3.949","3.818","3.987","3.811","2.07%"
"09/07/2022","3.869","3.965","3.990","3.833","-2.42%"
"09/06/2022","3.965","3.943","3.992","3.839","0.76%"
"09/05/2022","3.935","3.852","3.984","3.852","2.50%"
"09/02/2022","3.839","3.881","3.973","3.796","-2.71%"
"09/01/2022","3.946","3.961","4.014","3.927","1.49%"
"08/31/2022","3.888","3.773","3.944","3.751","1.99%"
"08/30/2022","3.812","3.786","3.866","3.716","0.32%"
"08/29/2022","3.800","3.847","3.873","3.747","2.95%"
"08/26/2022","3.691","3.557","3.763","3.554","3.88%"
"08/25/2022","3.553","3.665","3.678","3.542","-3.29%"
"08/24/2022","3.674","3.709","3.748","3.629","0.91%"
"08/23/2022","3.641","3.570","3.720","3.552","0.39%"
"08/22/2022","3.627","3.456","3.628","3.443","3.96%"
"08/19/2022","3.489","3.415","3.533","3.394","5.00%"
"08/18/2022","3.323","3.374","3.374","3.294","0.27%"
"08/17/2022","3.314","3.129","3.351","3.128","5.71%"
"08/16/2022","3.135","2.980","3.172","2.978","5.24%"
"08/15/2022","2.979","3.042","3.122","2.955","-2.66%"
"08/14/2022","3.060","3.060","3.060","3.060","-0.21%"
"08/12/2022","3.067","3.038","3.097","3.038","1.46%"
"08/11/2022","3.023","2.980","3.045","2.903","0.97%"
"08/10/2022","2.994","3.046","3.052","2.924","-2.00%"
"08/09/2022","3.055","3.029","3.112","2.990","0.53%"
"08/08/2022","3.039","3.015","3.047","2.992","0.46%"
"08/05/2022","3.025","2.938","3.031","2.911","2.68%"
"08/04/2022","2.946","3.003","3.037","2.918","-2.55%"
"08/03/2022","3.023","3.055","3.112","3.017","-0.26%"
"08/02/2022","3.031","2.919","3.057","2.886","1.51%"
"08/01/2022","2.986","3.142","3.143","2.958","-5.10%"
"07/31/2022","3.147","3.147","3.147","3.147","1.11%"
"07/30/2022","3.112","3.112","3.112","3.112","-1.14%"
"07/29/2022","3.148","3.248","3.358","3.122","-3.14%"
"07/28/2022","3.250","3.473","3.484","3.235","-5.14%"
"07/27/2022","3.426","3.410","3.463","3.386","2.54%"
"07/26/2022","3.341","3.377","3.406","3.305","-1.27%"
"07/25/2022","3.384","3.420","3.471","3.368","-1.05%"
"07/22/2022","3.420","3.619","3.619","3.361","-5.58%"
"07/21/2022","3.622","3.598","3.752","3.538","3.54%"
"07/20/2022","3.498","3.335","3.500","3.269","1.66%"
"07/19/2022","3.441","3.335","3.445","3.326","2.14%"
"07/18/2022","3.369","3.440","3.488","3.359","0.21%"
"07/15/2022","3.362","3.384","3.391","3.310","-0.21%"
"07/14/2022","3.369","3.325","3.502","3.325","4.37%"
"07/13/2022","3.228","3.260","3.326","3.198","0.97%"
"07/12/2022","3.197","3.333","3.333","3.165","-3.06%"
"07/11/2022","3.298","3.349","3.355","3.262","-2.17%"
"07/08/2022","3.371","3.322","3.380","3.282","-0.18%"
"07/07/2022","3.377","3.281","3.423","3.280","4.16%"
"07/06/2022","3.242","3.279","3.298","3.142","-0.89%"
"07/05/2022","3.271","3.321","3.367","3.261","-2.27%"
"07/04/2022","3.347","3.267","3.356","3.255","4.82%"
"07/01/2022","3.193","3.411","3.459","3.117","-5.87%"
"06/30/2022","3.392","3.494","3.494","3.358","-3.11%"
"06/29/2022","3.501","3.562","3.629","3.490","-4.45%"
"06/28/2022","3.664","3.636","3.707","3.625","0.74%"
"06/27/2022","3.637","3.598","3.679","3.559","2.65%"
"06/25/2022","3.543","3.543","3.543","3.543","-0.42%"
"06/24/2022","3.558","3.508","3.619","3.442","2.12%"
"06/23/2022","3.484","3.673","3.675","3.449","-4.34%"
"06/22/2022","3.642","3.770","3.770","3.590","-3.93%"
"06/21/2022","3.791","3.779","3.812","3.691","-0.05%"
"06/20/2022","3.793","3.703","3.793","3.634","3.24%"
"06/17/2022","3.674","3.828","3.884","3.609","-4.57%"
"06/16/2022","3.850","3.891","4.097","3.842","-1.74%"
"06/15/2022","3.918","3.976","4.153","3.799","-8.24%"
"06/14/2022","4.270","4.036","4.279","3.996","4.15%"
"06/13/2022","4.100","3.930","4.108","3.875","6.60%"
"06/10/2022","3.846","3.759","3.851","3.688","4.31%"
"06/09/2022","3.687","3.462","3.717","3.418","6.31%"
"06/08/2022","3.468","3.423","3.502","3.421","1.94%"
"06/07/2022","3.402","3.549","3.550","3.375","-0.15%"
"06/06/2022","3.407","3.307","3.431","3.300","0.12%"
"06/03/2022","3.403","3.301","3.414","3.277","3.12%"
"06/02/2022","3.300","3.207","3.310","3.205","3.38%"
"06/01/2022","3.192","3.121","3.193","3.091","2.14%"
"05/31/2022","3.125","3.020","3.151","2.976","4.52%"
"05/30/2022","2.990","2.961","3.035","2.961","3.44%"
"05/29/2022","2.891","2.891","2.891","2.891","-0.05%"
"05/27/2022","2.892","2.884","2.923","2.844","-0.34%"
"05/26/2022","2.902","2.886","2.940","2.830","-1.53%"
"05/25/2022","2.947","2.968","2.970","2.907","-0.64%"
"05/24/2022","2.966","3.052","3.075","2.957","-2.11%"
"05/23/2022","3.030","2.975","3.044","2.948","1.47%"
"05/20/2022","2.986","2.946","3.000","2.931","2.79%"
"05/19/2022","2.905","2.976","2.977","2.874","-1.69%"
"05/18/2022","2.955","2.976","3.010","2.931","-0.37%"
"05/17/2022","2.966","2.901","2.991","2.850","4.44%"
"05/16/2022","2.840","2.844","2.944","2.833","-0.05%"
"05/14/2022","2.842","2.842","2.842","2.842","-0.16%"
"05/13/2022","2.846","2.754","2.868","2.745","4.59%"
"05/12/2022","2.721","2.842","2.842","2.713","-5.88%"
"05/11/2022","2.891","2.993","3.065","2.891","-4.02%"
"05/10/2022","3.012","3.157","3.157","2.960","-4.14%"
"05/09/2022","3.142","3.203","3.232","3.135","-0.22%"
"05/06/2022","3.149","3.045","3.157","3.009","4.10%"
"05/05/2022","3.025","2.919","3.029","2.823","2.13%"
"05/04/2022","2.962","2.935","2.986","2.881","3.21%"
"05/03/2022","2.870","2.868","2.900","2.819","0.42%"
"05/02/2022","2.858","2.803","2.858","2.775","2.99%"
"04/29/2022","2.775","2.694","2.791","2.678","2.25%"
"04/28/2022","2.714","2.571","2.747","2.503","5.56%"
"04/27/2022","2.571","2.616","2.631","2.535","1.10%"
"04/26/2022","2.543","2.616","2.631","2.535","-1.28%"
"04/25/2022","2.576","2.620","2.667","2.568","-3.74%"
"04/22/2022","2.676","2.569","2.676","2.568","3.08%"
"04/21/2022","2.596","2.573","2.600","2.506","3.51%"
"04/20/2022","2.508","2.565","2.565","2.467","-1.99%"
"04/19/2022","2.559","2.467","2.580","2.464","2.22%"
"04/18/2022","2.503","2.494","2.503","2.481","0.00%"
"04/15/2022","2.503","2.494","2.503","2.479","0.22%"
"04/14/2022","2.498","2.398","2.500","2.351","5.05%"
"04/13/2022","2.378","2.479","2.501","2.353","-1.37%"
"04/12/2022","2.411","2.497","2.537","2.378","-2.23%"
"04/11/2022","2.466","2.419","2.466","2.372","3.66%"
"04/08/2022","2.379","2.320","2.421","2.299","1.97%"
"04/07/2022","2.333","2.287","2.388","2.247","1.26%"
"04/06/2022","2.304","2.257","2.375","2.257","2.49%"
"04/05/2022","2.248","2.120","2.255","2.120","8.29%"
"04/04/2022","2.076","2.117","2.136","2.029","-1.00%"
"04/01/2022","2.097","2.083","2.148","2.068","2.69%"
"03/31/2022","2.042","2.138","2.138","2.020","-4.27%"
"03/30/2022","2.133","2.133","2.205","2.133","0.05%"
"03/29/2022","2.132","2.132","2.262","2.096","1.19%"
"03/28/2022","2.107","2.106","2.168","2.071","1.40%"
"03/25/2022","2.078","2.051","2.088","2.006","1.07%"
"03/24/2022","2.056","1.995","2.071","1.977","3.16%"
"03/23/2022","1.993","2.022","2.024","1.973","-1.73%"
"03/22/2022","2.028","2.034","2.070","2.022","1.71%"
"03/21/2022","1.994","1.924","1.995","1.918","5.50%"
"03/18/2022","1.890","1.907","1.923","1.868","-0.79%"
"03/17/2022","1.905","1.894","1.929","1.854","0.32%"
"03/16/2022","1.899","1.942","1.961","1.876","-0.42%"
"03/15/2022","1.907","1.944","1.960","1.882","-3.10%"
"03/14/2022","1.968","1.887","1.972","1.884","5.41%"
"03/11/2022","1.867","1.911","1.921","1.860","-2.15%"
"03/10/2022","1.908","1.677","1.934","1.616","14.11%"
"03/09/2022","1.672","1.603","1.694","1.562","4.43%"
"03/08/2022","1.601","1.592","1.622","1.535","0.25%"
"03/07/2022","1.597","1.569","1.617","1.546","4.17%"
"03/04/2022","1.533","1.582","1.601","1.519","-3.40%"
"03/03/2022","1.587","1.545","1.654","1.545","2.19%"
"03/02/2022","1.553","1.467","1.581","1.464","11.41%"
"03/01/2022","1.394","1.694","1.694","1.384","-19.93%"
"02/28/2022","1.741","1.823","1.851","1.741","-5.48%"
"02/25/2022","1.842","1.869","1.870","1.783","1.94%"
"02/24/2022","1.807","1.898","1.920","1.774","-6.47%"
"02/23/2022","1.932","1.944","1.954","1.912","-0.10%"
"02/22/2022","1.934","1.890","1.968","1.883","0.94%"
"02/21/2022","1.916","1.865","1.924","1.859","3.85%"
"02/18/2022","1.845","1.865","1.865","1.814","0.27%"
"02/17/2022","1.840","1.906","1.927","1.839","-4.02%"
"02/16/2022","1.917","1.997","1.999","1.877","-2.79%"
"02/15/2022","1.972","1.961","2.000","1.948","-0.10%"
"02/14/2022","1.974","1.912","1.975","1.894","0.61%"
"02/11/2022","1.962","1.911","1.962","1.878","3.37%"
"02/10/2022","1.898","1.783","1.924","1.781","7.41%"
"02/09/2022","1.767","1.798","1.819","1.764","-4.64%"
"02/08/2022","1.853","1.860","1.885","1.763","2.21%"
"02/07/2022","1.813","1.770","1.901","1.766","3.30%"
"02/04/2022","1.755","1.731","1.769","1.640","4.90%"
"02/03/2022","1.673","1.450","1.673","1.427","17.24%"
"02/02/2022","1.427","1.401","1.457","1.374","0.56%"
"02/01/2022","1.419","1.377","1.428","1.334","3.50%"
"01/31/2022","1.371","1.300","1.395","1.294","1.33%"
"01/28/2022","1.353","1.399","1.437","1.347","-0.37%"
"01/27/2022","1.358","1.452","1.467","1.354","-3.48%"
"01/26/2022","1.407","1.353","1.418","1.346","3.46%"
"01/25/2022","1.360","1.344","1.372","1.332","0.37%"
"01/24/2022","1.355","1.344","1.358","1.301","0.00%"
"01/21/2022","1.355","1.355","1.367","1.336","-1.09%"
"01/20/2022","1.370","1.409","1.410","1.360","-2.56%"
"01/19/2022","1.406","1.443","1.453","1.389","1.30%"
"01/18/2022","1.388","1.381","1.408","1.365","1.68%"
"01/17/2022","1.365","1.352","1.370","1.339","1.79%"
"01/14/2022","1.341","1.286","1.343","1.284","3.95%"
"01/13/2022","1.290","1.349","1.368","1.281","-3.08%"
"01/12/2022","1.331","1.371","1.395","1.309","-3.34%"
"01/11/2022","1.377","1.378","1.397","1.340","7.16%"
"01/10/2022","1.285","1.322","1.338","1.259","-2.58%"
"01/07/2022","1.319","1.296","1.323","1.285","3.53%"
"01/06/2022","1.274","1.280","1.319","1.271","2.41%"
"01/05/2022","1.244","1.224","1.254","1.216","1.88%"
"01/04/2022","1.221","1.199","1.221","1.182","1.92%"
"01/03/2022","1.198","1.183","1.213","1.148","1.10%"
"12/31/2021","1.185","1.192","1.192","1.185","0.42%"
"12/30/2021","1.180","1.151","1.183","1.113","1.64%"
"12/29/2021","1.161","1.108","1.167","1.108","5.55%"
"12/28/2021","1.100","1.134","1.165","1.100","-2.22%"
"12/27/2021","1.125","1.126","1.179","1.124","-0.18%"
"12/24/2021","1.127","1.108","1.127","1.108","1.81%"
"12/23/2021","1.107","1.075","1.146","1.073","4.83%"
"12/22/2021","1.056","1.011","1.067","1.011","3.83%"
"12/21/2021","1.017","0.943","1.020","0.942","8.65%"
"12/20/2021","0.936","0.904","0.951","0.894","3.08%"
"12/17/2021","0.908","0.959","0.969","0.908","-7.35%"
"12/16/2021","0.980","0.900","1.023","0.891","6.18%"
"12/15/2021","0.923","0.934","0.942","0.908","-1.70%"
"12/14/2021","0.939","0.906","0.941","0.887","2.96%"
"12/13/2021","0.912","0.967","0.972","0.911","-5.79%"
"12/10/2021","0.968","1.004","1.013","0.951","-3.39%"
"12/09/2021","1.002","0.999","1.018","0.983","-2.91%"
"12/08/2021","1.032","0.926","1.034","0.915","12.42%"
"12/07/2021","0.918","0.927","0.936","0.897","3.73%"
"12/06/2021","0.885","0.908","0.926","0.873","-4.43%"
"12/03/2021","0.926","0.958","0.988","0.910","-3.14%"
"12/02/2021","0.956","1.018","1.026","0.941","-6.64%"
"12/01/2021","1.024","0.978","1.056","0.978","4.28%"
"11/30/2021","0.982","0.975","0.988","0.925","0.31%"
"11/29/2021","0.979","0.973","1.016","0.970","1.03%"
"11/27/2021","0.969","0.969","0.969","0.969","-0.51%"
"11/26/2021","0.974","1.005","1.012","0.958","-8.29%"
"11/25/2021","1.062","1.058","1.078","1.037","-1.58%"
"11/24/2021","1.079","1.043","1.126","1.037","1.31%"
"11/23/2021","1.065","0.967","1.066","0.967","12.58%"
"11/22/2021","0.946","0.869","0.947","0.852","9.74%"
"11/20/2021","0.862","0.862","0.862","0.862","-0.12%"
"11/19/2021","0.863","0.932","0.943","0.863","-6.09%"
"11/18/2021","0.919","0.951","0.970","0.916","-6.22%"
"11/17/2021","0.980","0.977","1.000","0.954","0.82%"
"11/16/2021","0.972","0.993","1.011","0.962","-3.09%"
"11/15/2021","1.003","0.919","1.004","0.905","4.59%"
"11/12/2021","0.959","0.968","1.022","0.955","-0.42%"
"11/11/2021","0.963","0.961","0.972","0.932","2.67%"
"11/10/2021","0.938","0.858","0.939","0.839","11.01%"
"11/09/2021","0.845","0.882","0.888","0.842","-5.38%"
"11/08/2021","0.893","0.886","0.905","0.869","1.48%"
"11/05/2021","0.880","0.949","0.957","0.876","-6.28%"
"11/04/2021","0.939","1.028","1.044","0.923","-10.40%"
"11/03/2021","1.048","1.074","1.075","1.020","-3.68%"
"11/02/2021","1.088","1.163","1.163","1.069","-10.89%"
"11/01/2021","1.221","1.195","1.289","1.164","8.49%"
"10/30/2021","1.125","1.125","1.125","1.125","-0.71%"
"10/29/2021","1.134","1.085","1.189","1.051","13.15%"
"10/28/2021","1.002","0.935","1.050","0.929","11.87%"
"10/27/2021","0.896","0.940","0.957","0.875","-4.88%"
"10/26/2021","0.942","0.913","0.949","0.898","2.66%"
"10/25/2021","0.917","0.929","0.955","0.915","-3.97%"
"10/23/2021","0.955","0.955","0.955","0.955","-0.28%"
"10/22/2021","0.958","0.960","0.988","0.951","0.72%"
"10/21/2021","0.951","0.928","0.960","0.916","3.71%"
"10/20/2021","0.917","0.957","0.960","0.911","-3.29%"
"10/19/2021","0.948","0.872","0.954","0.871","5.49%"
"10/18/2021","0.899","0.903","0.954","0.891","3.14%"
"10/15/2021","0.871","0.855","0.886","0.855","4.11%"
"10/14/2021","0.837","0.915","0.929","0.826","-7.17%"
"10/13/2021","0.902","0.908","0.921","0.881","-2.10%"
"10/12/2021","0.921","0.921","0.923","0.885","0.78%"
"10/11/2021","0.914","0.894","0.929","0.886","3.69%"
"10/08/2021","0.881","0.875","0.898","0.839","3.52%"
"10/07/2021","0.851","0.868","0.871","0.834","-4.63%"
"10/06/2021","0.893","0.905","0.928","0.872","3.60%"
"10/05/2021","0.862","0.825","0.869","0.804","4.07%"
"10/04/2021","0.828","0.820","0.857","0.820","0.99%"
"10/01/2021","0.820","0.839","0.862","0.791","-4.95%"
"09/30/2021","0.863","0.839","0.873","0.813","4.08%"
"09/29/2021","0.829","0.838","0.840","0.806","-3.31%"
"09/28/2021","0.857","0.827","0.879","0.823","7.42%"
"09/27/2021","0.798","0.772","0.831","0.767","2.29%"
"09/25/2021","0.780","0.780","0.780","0.780","-0.29%"
"09/24/2021","0.782","0.752","0.798","0.752","8.82%"
"09/23/2021","0.719","0.687","0.728","0.658","8.40%"
"09/22/2021","0.663","0.698","0.703","0.656","-3.98%"
"09/21/2021","0.691","0.705","0.720","0.670","-3.99%"
"09/20/2021","0.719","0.734","0.740","0.694","0.19%"
"09/19/2021","0.718","0.718","0.718","0.718","-0.69%"
"09/18/2021","0.723","0.723","0.723","0.723","0.44%"
"09/17/2021","0.720","0.707","0.744","0.703","3.51%"
"09/16/2021","0.695","0.705","0.716","0.687","-0.61%"
"09/15/2021","0.700","0.661","0.701","0.654","7.88%"
"09/14/2021","0.649","0.684","0.718","0.646","-6.00%"
"09/13/2021","0.690","0.707","0.713","0.683","-1.92%"
"09/12/2021","0.703","0.703","0.703","0.703","-0.14%"
"09/11/2021","0.705","0.705","0.705","0.705","-0.31%"
"09/10/2021","0.707","0.673","0.710","0.673","5.18%"
"09/09/2021","0.672","0.760","0.760","0.657","-11.38%"
"09/08/2021","0.758","0.758","0.770","0.738","-0.39%"
"09/07/2021","0.761","0.699","0.772","0.699","10.25%"
"09/06/2021","0.690","0.703","0.723","0.687","-2.72%"
"09/03/2021","0.710","0.675","0.719","0.670","5.72%"
"09/02/2021","0.671","0.689","0.689","0.662","-3.37%"
"09/01/2021","0.695","0.704","0.729","0.694","-2.36%"
"08/31/2021","0.711","0.621","0.715","0.619","16.14%"
"08/30/2021","0.613","0.643","0.664","0.612","-4.12%"
"08/27/2021","0.639","0.652","0.672","0.639","-4.73%"
"08/26/2021","0.671","0.667","0.690","0.665","0.55%"
"08/25/2021","0.667","0.572","0.673","0.566","16.67%"
"08/24/2021","0.572","0.594","0.594","0.565","-1.79%"
"08/23/2021","0.582","0.548","0.601","0.547","6.28%"
"08/20/2021","0.548","0.554","0.564","0.544","-3.52%"
"08/19/2021","0.568","0.554","0.575","0.553","2.03%"
"08/18/2021","0.556","0.568","0.568","0.546","-3.85%"
"08/17/2021","0.579","0.554","0.580","0.536","1.90%"
"08/16/2021","0.568","0.549","0.583","0.548","2.84%"
"08/13/2021","0.552","0.543","0.581","0.533","1.27%"
"08/12/2021","0.545","0.567","0.574","0.543","-4.52%"
"08/11/2021","0.571","0.555","0.599","0.553","3.48%"
"08/10/2021","0.552","0.552","0.568","0.539","-1.62%"
"08/09/2021","0.561","0.561","0.565","0.545","-2.16%"
"08/06/2021","0.573","0.543","0.581","0.535","7.06%"
"08/05/2021","0.535","0.563","0.563","0.512","-3.72%"
"08/04/2021","0.556","0.565","0.577","0.538","-2.35%"
"08/03/2021","0.570","0.582","0.591","0.565","-1.69%"
"08/02/2021","0.579","0.629","0.629","0.571","-7.55%"
"07/30/2021","0.627","0.631","0.641","0.624","0.51%"
"07/29/2021","0.623","0.617","0.646","0.613","0.61%"
"07/28/2021","0.620","0.617","0.636","0.614","-1.02%"
"07/27/2021","0.626","0.632","0.637","0.618","-1.17%"
"07/26/2021","0.633","0.621","0.641","0.609","0.76%"
"07/23/2021","0.629","0.643","0.659","0.628","-2.78%"
"07/22/2021","0.647","0.671","0.700","0.638","-6.18%"
"07/21/2021","0.689","0.686","0.709","0.678","0.00%"
"07/20/2021","0.689","0.691","0.700","0.677","-2.82%"
"07/19/2021","0.709","0.702","0.724","0.693","-0.64%"
"07/16/2021","0.714","0.721","0.735","0.696","-1.99%"
"07/15/2021","0.728","0.706","0.738","0.699","1.42%"
"07/14/2021","0.718","0.729","0.735","0.701","-0.55%"
"07/13/2021","0.722","0.734","0.745","0.707","-2.53%"
"07/12/2021","0.740","0.750","0.752","0.722","-3.51%"
"07/09/2021","0.767","0.772","0.777","0.743","0.59%"
"07/08/2021","0.763","0.725","0.786","0.722","2.94%"
"07/07/2021","0.741","0.746","0.750","0.721","-1.15%"
"07/06/2021","0.750","0.812","0.813","0.735","-7.11%"
"07/05/2021","0.807","0.786","0.812","0.785","4.61%"
"07/04/2021","0.771","0.771","0.771","0.771","-0.50%"
"07/02/2021","0.775","0.807","0.807","0.768","-3.92%"
"07/01/2021","0.807","0.830","0.843","0.795","-2.10%"
"06/30/2021","0.824","0.884","0.890","0.819","-6.45%"
"06/29/2021","0.881","0.881","0.887","0.862","0.32%"
"06/28/2021","0.878","0.916","0.920","0.877","-4.79%"
"06/26/2021","0.923","0.923","0.923","0.923","-0.10%"
"06/25/2021","0.923","0.867","0.934","0.866","5.88%"
"06/24/2021","0.872","0.900","0.911","0.859","-2.87%"
"06/23/2021","0.898","0.899","0.904","0.855","-0.50%"
"06/22/2021","0.902","0.891","0.904","0.852","2.70%"
"06/21/2021","0.879","0.868","0.898","0.857","0.88%"
"06/20/2021","0.871","0.871","0.871","0.871","0.00%"
"06/19/2021","0.871","0.871","0.871","0.871","-0.31%"
"06/18/2021","0.874","0.822","0.891","0.817","6.25%"
"06/17/2021","0.822","0.823","0.857","0.809","5.72%"
"06/16/2021","0.778","0.792","0.794","0.772","-1.84%"
"06/15/2021","0.792","0.774","0.794","0.759","1.81%"
"06/14/2021","0.778","0.747","0.779","0.740","4.06%"
"06/11/2021","0.748","0.772","0.787","0.743","-7.04%"
"06/10/2021","0.804","0.828","0.863","0.801","-3.11%"
"06/09/2021","0.830","0.863","0.865","0.801","-4.06%"
"06/08/2021","0.865","0.912","0.924","0.863","-6.06%"
"06/07/2021","0.921","0.875","0.922","0.869","5.04%"
"06/05/2021","0.877","0.877","0.877","0.877","-0.26%"
"06/04/2021","0.879","0.891","0.905","0.870","-2.33%"
"06/03/2021","0.900","0.885","0.901","0.877","2.49%"
"06/02/2021","0.878","0.894","0.907","0.878","-2.99%"
"06/01/2021","0.905","0.913","0.921","0.876","-1.14%"
"05/31/2021","0.916","0.932","0.945","0.914","0.00%"
"05/28/2021","0.915","0.957","0.957","0.912","-2.20%"
"05/27/2021","0.936","0.919","0.943","0.912","1.50%"
"05/26/2021","0.922","0.939","0.943","0.914","-4.40%"
"05/25/2021","0.965","1.001","1.006","0.957","-5.42%"
"05/24/2021","1.020","1.024","1.052","1.011","-1.38%"
"05/21/2021","1.034","1.045","1.047","1.003","-1.99%"
"05/20/2021","1.055","1.133","1.137","1.054","-5.50%"
"05/19/2021","1.117","1.122","1.160","1.102","0.92%"
"05/18/2021","1.107","1.113","1.133","1.081","-0.34%"
"05/17/2021","1.110","1.058","1.142","1.058","3.43%"
"05/14/2021","1.074","1.055","1.091","1.054","5.45%"
"05/13/2021","1.018","0.985","1.049","0.981","3.46%"
"05/12/2021","0.984","0.949","0.988","0.920","3.91%"
"05/11/2021","0.947","0.906","0.952","0.905","6.40%"
"05/10/2021","0.890","0.937","0.938","0.887","-3.05%"
"05/07/2021","0.918","0.864","0.942","0.858","5.28%"
"05/06/2021","0.872","0.844","0.891","0.837","2.11%"
"05/05/2021","0.854","0.830","0.856","0.822","4.02%"
"05/04/2021","0.821","0.834","0.853","0.813","-1.56%"
"05/03/2021","0.834","0.854","0.903","0.827","-3.02%"
"04/30/2021","0.860","0.863","0.875","0.852","-1.83%"
"04/29/2021","0.876","0.829","0.895","0.828","5.42%"
"04/28/2021","0.831","0.842","0.864","0.829","1.09%"
"04/27/2021","0.822","0.810","0.834","0.798","2.75%"
"04/26/2021","0.800","0.797","0.831","0.788","2.04%"
"04/23/2021","0.784","0.751","0.797","0.746","3.70%"
"04/22/2021","0.756","0.743","0.787","0.738","0.00%"
"04/21/2021","0.756","0.772","0.785","0.739","-3.32%"
"04/20/2021","0.782","0.806","0.818","0.780","-1.39%"
"04/19/2021","0.793","0.744","0.807","0.723","6.02%"
"04/16/2021","0.748","0.744","0.767","0.734","2.33%"
"04/15/2021","0.731","0.787","0.787","0.727","-6.52%"
"04/14/2021","0.782","0.734","0.786","0.729","4.83%"
"04/13/2021","0.746","0.758","0.782","0.746","0.95%"
"04/12/2021","0.739","0.728","0.744","0.694","0.27%"
"04/09/2021","0.737","0.683","0.755","0.683","10.66%"
"04/08/2021","0.666","0.680","0.683","0.657","-4.99%"
"04/07/2021","0.701","0.678","0.707","0.665","0.29%"
"04/06/2021","0.699","0.645","0.707","0.644","11.04%"
"04/05/2021","0.629","0.629","0.629","0.629","0.16%"
"04/02/2021","0.628","0.629","0.629","0.628","-0.55%"
"04/01/2021","0.632","0.666","0.666","0.626","-5.53%"
"03/31/2021","0.669","0.685","0.692","0.657","-2.19%"
"03/30/2021","0.684","0.674","0.726","0.671","6.71%"
"03/29/2021","0.641","0.599","0.649","0.598","4.40%"
"03/26/2021","0.614","0.605","0.638","0.601","6.23%"
"03/25/2021","0.578","0.587","0.601","0.578","-2.53%"
"03/24/2021","0.593","0.589","0.614","0.586","-1.82%"
"03/23/2021","0.604","0.632","0.638","0.602","-6.79%"
"03/22/2021","0.648","0.653","0.680","0.646","-3.57%"
"03/19/2021","0.672","0.667","0.694","0.643","-2.89%"
"03/18/2021","0.692","0.722","0.731","0.686","-1.28%"
"03/17/2021","0.701","0.630","0.707","0.628","11.80%"
"03/16/2021","0.627","0.619","0.632","0.600","4.15%"
"03/15/2021","0.602","0.614","0.627","0.600","-4.75%"
"03/12/2021","0.632","0.618","0.659","0.609","4.12%"
"03/11/2021","0.607","0.655","0.675","0.574","-11.00%"
"03/10/2021","0.682","0.691","0.721","0.673","-2.43%"
"03/09/2021","0.699","0.743","0.750","0.678","-8.27%"
"03/08/2021","0.762","0.766","0.766","0.732","-1.30%"
"03/05/2021","0.772","0.768","0.793","0.740","2.12%"
"03/04/2021","0.756","0.737","0.760","0.721","-0.40%"
"03/03/2021","0.759","0.674","0.770","0.671","10.64%"
"03/02/2021","0.686","0.668","0.717","0.662","3.31%"
"03/01/2021","0.664","0.723","0.723","0.663","-13.88%"
"02/26/2021","0.771","0.800","0.824","0.742","-4.10%"
"02/25/2021","0.804","0.707","0.826","0.706","15.35%"
"02/24/2021","0.697","0.645","0.722","0.629","7.89%"
"02/23/2021","0.646","0.602","0.680","0.598","7.85%"
"02/22/2021","0.599","0.647","0.668","0.584","-4.16%"
"02/19/2021","0.625","0.661","0.661","0.618","-4.58%"
"02/18/2021","0.655","0.588","0.674","0.576","11.97%"
"02/17/2021","0.585","0.593","0.616","0.568","2.81%"
"02/16/2021","0.569","0.521","0.572","0.521","7.56%"
"02/15/2021","0.529","0.508","0.538","0.500","8.85%"
"02/12/2021","0.486","0.447","0.494","0.426","7.05%"
"02/11/2021","0.454","0.499","0.499","0.454","-10.10%"
"02/10/2021","0.505","0.514","0.516","0.493","-2.32%"
"02/09/2021","0.517","0.520","0.528","0.502","1.17%"
"02/08/2021","0.511","0.527","0.542","0.511","-5.89%"
"02/05/2021","0.543","0.540","0.567","0.511","-0.91%"
"02/04/2021","0.548","0.597","0.600","0.545","-6.48%"
"02/03/2021","0.586","0.585","0.602","0.548","-10.67%"
"02/02/2021","0.656","0.641","0.663","0.626","5.13%"
"02/01/2021","0.624","0.629","0.631","0.610","-2.95%"
"01/29/2021","0.643","0.625","0.660","0.615","0.63%"
"01/28/2021","0.639","0.651","0.664","0.638","2.90%"
"01/27/2021","0.621","0.617","0.621","0.597","0.65%"
"01/26/2021","0.617","0.655","0.655","0.599","-4.64%"
"01/25/2021","0.647","0.689","0.694","0.634","-9.38%"
"01/22/2021","0.714","0.710","0.728","0.683","9.17%"
"01/21/2021","0.654","0.568","0.674","0.559","11.79%"
"01/20/2021","0.585","0.536","0.589","0.535","4.46%"
"01/19/2021","0.560","0.592","0.600","0.549","-7.28%"
"01/18/2021","0.604","0.609","0.623","0.589","3.60%"
"01/15/2021","0.583","0.586","0.599","0.569","-4.27%"
"01/14/2021","0.609","0.577","0.634","0.561","9.34%"
"01/13/2021","0.557","0.622","0.627","0.549","-12.97%"
"01/12/2021","0.640","0.564","0.646","0.554","18.52%"
"01/11/2021","0.540","0.501","0.549","0.501","8.43%"
"01/08/2021","0.498","0.513","0.513","0.474","-6.21%"
"01/07/2021","0.531","0.550","0.557","0.521","-1.85%"
"01/06/2021","0.541","0.566","0.571","0.533","1.69%"
"01/05/2021","0.532","0.525","0.543","0.511","2.31%"
"01/04/2021","0.520","0.545","0.545","0.494","3.38%"
"01/01/2021","0.503","0.503","0.503","0.503","-3.45%"
"12/31/2020","0.521","0.513","0.521","0.513","-0.76%"
"12/30/2020","0.525","0.519","0.539","0.505","0.57%"
"12/29/2020","0.522","0.506","0.532","0.502","2.55%"
"12/28/2020","0.509","0.549","0.549","0.506","-8.62%"
"12/25/2020","0.557","0.557","0.567","0.557","-1.24%"
"12/24/2020","0.564","0.614","0.623","0.563","0.36%"
"12/23/2020","0.562","0.522","0.576","0.511","7.66%"
"12/22/2020","0.522","0.524","0.563","0.511","-3.87%"
"12/21/2020","0.543","0.508","0.549","0.508","1.31%"
"12/18/2020","0.536","0.509","0.551","0.504","5.93%"
"12/17/2020","0.506","0.512","0.512","0.472","0.40%"
"12/16/2020","0.504","0.488","0.521","0.483","4.35%"
"12/15/2020","0.483","0.503","0.508","0.480","-5.48%"
"12/14/2020","0.511","0.521","0.526","0.506","-2.11%"
"12/11/2020","0.522","0.510","0.524","0.499","-0.95%"
"12/10/2020","0.527","0.534","0.570","0.501","-2.77%"
"12/09/2020","0.542","0.557","0.560","0.540","-1.63%"
"12/08/2020","0.551","0.579","0.598","0.549","-4.51%"
"12/07/2020","0.577","0.576","0.587","0.558","-2.70%"
"12/04/2020","0.593","0.568","0.598","0.557","4.59%"
"12/03/2020","0.567","0.598","0.602","0.564","-6.13%"
"12/02/2020","0.604","0.646","0.647","0.600","-5.92%"
"12/01/2020","0.642","0.579","0.653","0.572","9.74%"
"11/30/2020","0.585","0.563","0.589","0.551","4.46%"
"11/27/2020","0.560","0.569","0.580","0.555","-1.06%"
"11/26/2020","0.566","0.586","0.586","0.563","-1.91%"
"11/25/2020","0.577","0.579","0.585","0.554","0.70%"
"11/24/2020","0.573","0.583","0.587","0.561","-3.86%"
"11/23/2020","0.596","0.597","0.601","0.577","-0.25%"
"11/21/2020","0.598","0.598","0.598","0.598","-0.25%"
"11/20/2020","0.599","0.615","0.615","0.594","-1.80%"
"11/19/2020","0.610","0.618","0.633","0.605","-0.81%"
"11/18/2020","0.615","0.586","0.621","0.574","1.99%"
"11/17/2020","0.603","0.618","0.620","0.592","-2.11%"
"11/16/2020","0.616","0.607","0.644","0.600","-3.14%"
"11/13/2020","0.636","0.643","0.643","0.615","-2.15%"
"11/12/2020","0.650","0.686","0.698","0.642","-7.14%"
"11/11/2020","0.700","0.740","0.751","0.671","-3.31%"
"11/10/2020","0.724","0.716","0.745","0.699","0.56%"
"11/09/2020","0.720","0.589","0.734","0.572","16.50%"
"11/06/2020","0.618","0.622","0.636","0.603","-2.37%"
"11/05/2020","0.633","0.636","0.647","0.607","-4.24%"
"11/04/2020","0.661","0.683","0.688","0.655","-5.44%"
"11/03/2020","0.699","0.725","0.736","0.683","-2.37%"
"11/02/2020","0.716","0.742","0.762","0.711","-0.28%"
"10/30/2020","0.718","0.718","0.730","0.697","2.43%"
"10/29/2020","0.701","0.774","0.786","0.697","-8.72%"
"10/28/2020","0.768","0.737","0.779","0.737","9.09%"
"10/27/2020","0.704","0.733","0.750","0.698","-3.69%"
"10/26/2020","0.731","0.674","0.739","0.674","-4.32%"
"10/23/2020","0.764","0.791","0.802","0.760","-4.86%"
"10/22/2020","0.803","0.773","0.813","0.773","7.79%"
"10/21/2020","0.745","0.732","0.788","0.729","0.68%"
"10/20/2020","0.740","0.707","0.768","0.707","3.06%"
"10/19/2020","0.718","0.678","0.720","0.669","9.62%"
"10/16/2020","0.655","0.688","0.702","0.635","-5.76%"
"10/15/2020","0.695","0.653","0.747","0.652","5.62%"
"10/14/2020","0.658","0.656","0.664","0.634","-0.90%"
"10/13/2020","0.664","0.678","0.689","0.656","-1.48%"
"10/12/2020","0.674","0.717","0.726","0.672","-5.60%"
"10/09/2020","0.714","0.754","0.758","0.710","-5.80%"
"10/08/2020","0.758","0.785","0.786","0.757","-3.56%"
"10/07/2020","0.786","0.768","0.799","0.765","0.26%"
"10/06/2020","0.784","0.804","0.814","0.774","-2.00%"
"10/05/2020","0.800","0.785","0.807","0.770","1.39%"
"10/02/2020","0.789","0.822","0.822","0.783","-5.28%"
"10/01/2020","0.833","0.868","0.875","0.830","-4.25%"
"09/30/2020","0.870","0.859","0.883","0.844","1.75%"
"09/29/2020","0.855","0.878","0.879","0.839","-2.95%"
"09/28/2020","0.881","0.890","0.900","0.872","-1.89%"
"09/25/2020","0.898","0.882","0.905","0.865","2.28%"
"09/24/2020","0.878","0.865","0.888","0.862","3.05%"
"09/23/2020","0.852","0.851","0.871","0.827","-1.73%"
"09/22/2020","0.867","0.917","0.919","0.857","-7.86%"
"09/21/2020","0.941","0.976","0.993","0.903","-2.89%"
"09/18/2020","0.969","0.971","0.976","0.942","1.36%"
"09/17/2020","0.956","0.983","0.999","0.944","-1.75%"
"09/16/2020","0.973","1.000","1.000","0.962","-2.60%"
"09/15/2020","0.999","1.018","1.043","0.996","-2.15%"
"09/14/2020","1.021","1.027","1.027","0.993","-1.92%"
"09/11/2020","1.041","1.042","1.059","1.036","-3.16%"
"09/10/2020","1.075","1.075","1.090","1.048","-1.47%"
"09/09/2020","1.091","1.073","1.093","1.052","-1.09%"
"09/08/2020","1.103","1.125","1.126","1.082","-1.52%"
"09/07/2020","1.120","1.110","1.122","1.079","3.42%"
"09/04/2020","1.083","1.038","1.093","1.027","1.98%"
"09/03/2020","1.062","1.027","1.063","0.991","2.61%"
"09/02/2020","1.035","1.079","1.080","1.027","-6.50%"
"09/01/2020","1.107","1.145","1.162","1.102","-4.49%"
"08/31/2020","1.159","1.107","1.161","1.103","5.17%"
"08/28/2020","1.102","1.107","1.124","1.088","1.47%"
"08/27/2020","1.086","1.066","1.094","1.018","0.00%"
"08/26/2020","1.086","1.109","1.111","1.070","-0.91%"
"08/25/2020","1.096","1.027","1.110","1.025","8.84%"
"08/24/2020","1.007","0.994","1.029","0.984","0.10%"
"08/21/2020","1.006","0.993","1.019","0.975","2.65%"
"08/20/2020","0.980","0.979","0.993","0.963","0.10%"
"08/19/2020","0.979","0.993","1.005","0.971","-1.41%"
"08/18/2020","0.993","0.997","1.016","0.990","-1.10%"
"08/17/2020","1.004","1.048","1.052","0.994","-4.92%"
"08/14/2020","1.056","1.082","1.107","1.052","-1.95%"
"08/13/2020","1.077","1.020","1.101","1.006","4.87%"
"08/12/2020","1.027","1.013","1.048","1.005","1.28%"
"08/11/2020","1.014","0.988","1.027","0.971","2.94%"
"08/10/2020","0.985","0.996","1.009","0.976","-0.20%"
"08/07/2020","0.987","1.006","1.020","0.973","-0.30%"
"08/06/2020","0.990","1.038","1.047","0.987","-4.81%"
"08/05/2020","1.040","1.009","1.051","1.002","2.06%"
"08/04/2020","1.019","1.067","1.072","1.015","-5.21%"
"08/03/2020","1.075","1.072","1.123","1.072","-0.19%"
"07/31/2020","1.077","1.023","1.098","1.020","4.26%"
"07/30/2020","1.033","1.059","1.064","1.028","-2.82%"
"07/29/2020","1.063","1.064","1.086","1.060","-1.12%"
"07/28/2020","1.075","1.054","1.086","1.051","2.48%"
"07/27/2020","1.049","1.070","1.092","1.048","-2.05%"
"07/24/2020","1.071","1.055","1.092","1.045","2.19%"
"07/23/2020","1.048","1.098","1.103","1.039","-4.73%"
"07/22/2020","1.100","1.153","1.158","1.096","-3.42%"
"07/21/2020","1.139","1.135","1.174","1.117","-1.64%"
"07/20/2020","1.158","1.208","1.217","1.147","-6.04%"
"07/19/2020","1.232","1.232","1.232","1.232","-0.60%"
"07/17/2020","1.240","1.252","1.265","1.237","-0.24%"
"07/16/2020","1.243","1.278","1.296","1.239","-2.13%"
"07/15/2020","1.270","1.281","1.281","1.251","-0.55%"
"07/14/2020","1.277","1.296","1.316","1.271","-2.37%"
"07/13/2020","1.308","1.325","1.333","1.293","1.55%"
"07/10/2020","1.288","1.290","1.321","1.271","0.47%"
"07/09/2020","1.282","1.278","1.298","1.267","0.55%"
"07/08/2020","1.275","1.276","1.282","1.254","-1.01%"
"07/07/2020","1.288","1.285","1.325","1.278","-1.53%"
"07/06/2020","1.308","1.322","1.328","1.279","-1.65%"
"07/03/2020","1.330","1.284","1.344","1.256","3.42%"
"07/02/2020","1.286","1.332","1.332","1.275","-4.24%"
"07/01/2020","1.343","1.349","1.360","1.327","1.21%"
"06/30/2020","1.327","1.381","1.381","1.308","-2.71%"
"06/29/2020","1.364","1.372","1.380","1.354","0.18%"
"06/27/2020","1.362","1.362","1.362","1.362","-0.77%"
"06/26/2020","1.372","1.351","1.375","1.339","0.29%"
"06/25/2020","1.368","1.347","1.402","1.346","2.09%"
"06/24/2020","1.340","1.329","1.367","1.322","0.45%"
"06/23/2020","1.334","1.366","1.367","1.327","-1.69%"
"06/22/2020","1.357","1.426","1.430","1.351","2.61%"
"06/20/2020","1.322","1.322","1.322","1.322","0.00%"
"06/19/2020","1.323","1.345","1.359","1.321","-1.49%"
"06/18/2020","1.343","1.385","1.385","1.333","-2.33%"
"06/17/2020","1.375","1.375","1.397","1.347","0.95%"
"06/16/2020","1.362","1.395","1.407","1.346","-2.78%"
"06/15/2020","1.401","1.413","1.430","1.370","-0.46%"
"06/13/2020","1.408","1.408","1.408","1.408","-0.74%"
"06/12/2020","1.418","1.474","1.493","1.403","-4.51%"
"06/11/2020","1.485","1.503","1.512","1.438","-1.92%"
"06/10/2020","1.514","1.485","1.526","1.451","3.49%"
"06/09/2020","1.463","1.423","1.469","1.417","3.98%"
"06/08/2020","1.407","1.441","1.444","1.387","-1.05%"
"06/05/2020","1.422","1.416","1.453","1.408","0.14%"
"06/04/2020","1.420","1.555","1.597","1.382","-8.51%"
"06/03/2020","1.552","1.528","1.594","1.523","2.85%"
"06/02/2020","1.509","1.472","1.520","1.442","2.72%"
"06/01/2020","1.469","1.474","1.487","1.437","-1.48%"
"05/29/2020","1.491","1.458","1.514","1.429","3.90%"
"05/28/2020","1.435","1.510","1.529","1.424","-3.76%"
"05/27/2020","1.491","1.553","1.564","1.463","-3.99%"
"05/26/2020","1.553","1.582","1.586","1.528","-2.20%"
"05/25/2020","1.588","1.601","1.613","1.572","-0.41%"
"05/23/2020","1.594","1.594","1.594","1.594","-0.72%"
"05/22/2020","1.606","1.623","1.638","1.597","-1.71%"
"05/21/2020","1.634","1.649","1.684","1.614","-0.06%"
"05/20/2020","1.635","1.666","1.696","1.627","-0.73%"
"05/19/2020","1.647","1.601","1.674","1.599","-3.29%"
"05/18/2020","1.703","1.860","1.861","1.671","-8.14%"
"05/15/2020","1.854","1.808","1.862","1.794","1.76%"
"05/14/2020","1.822","1.809","1.844","1.778","0.83%"
"05/13/2020","1.807","1.926","1.926","1.797","-4.49%"
"05/12/2020","1.892","1.894","1.907","1.866","0.26%"
"05/11/2020","1.887","1.796","1.895","1.786","2.61%"
"05/08/2020","1.839","1.864","1.882","1.789","-3.36%"
"05/07/2020","1.903","2.006","2.036","1.895","-3.79%"
"05/06/2020","1.978","1.868","1.993","1.859","5.55%"
"05/05/2020","1.874","1.760","1.947","1.748","6.78%"
"05/04/2020","1.755","1.855","1.856","1.751","-1.57%"
"05/01/2020","1.783","1.755","1.783","1.755","0.34%"
"04/30/2020","1.777","1.743","1.858","1.681","0.45%"
"04/29/2020","1.769","1.808","1.829","1.747","1.96%"
"04/28/2020","1.735","1.725","1.760","1.687","-1.36%"
"04/27/2020","1.759","1.730","1.794","1.730","-6.93%"
"04/24/2020","1.890","2.106","2.106","1.863","-5.78%"
"04/23/2020","2.006","2.050","2.066","1.935","-4.79%"
"04/22/2020","2.107","2.156","2.276","2.072","6.52%"
"04/21/2020","1.978","1.946","2.222","1.920","1.33%"
"04/20/2020","1.952","1.853","1.977","1.852","9.05%"
"04/17/2020","1.790","1.800","1.818","1.751","-3.61%"
"04/16/2020","1.857","1.866","1.866","1.735","-2.67%"
"04/15/2020","1.908","1.816","1.987","1.782","6.65%"
"04/14/2020","1.789","1.688","1.802","1.659","12.69%"
"04/13/2020","1.587","1.587","1.587","1.587","-0.28%"
"04/10/2020","1.592","1.587","1.594","1.587","-0.44%"
"04/09/2020","1.599","1.722","1.729","1.556","-3.44%"
"04/08/2020","1.656","1.748","1.748","1.628","3.37%"
"04/07/2020","1.602","1.521","1.621","1.501","3.89%"
"04/06/2020","1.542","1.544","1.581","1.490","0.00%"
"04/03/2020","1.542","1.473","1.558","1.473","3.35%"
"04/02/2020","1.492","1.494","1.538","1.471","-3.56%"
"04/01/2020","1.547","1.539","1.595","1.475","0.85%"
"03/31/2020","1.534","1.505","1.554","1.451","3.23%"
"03/30/2020","1.486","1.367","1.511","1.347","11.39%"
"03/27/2020","1.334","1.263","1.357","1.242","7.32%"
"03/26/2020","1.243","1.485","1.499","1.225","-21.13%"
"03/25/2020","1.576","1.560","1.623","1.558","-1.01%"
"03/24/2020","1.592","1.567","1.622","1.551","-0.81%"
"03/23/2020","1.605","1.644","1.697","1.572","-1.83%"
"03/20/2020","1.635","1.540","1.678","1.516","-10.12%"
"03/19/2020","1.819","1.549","1.920","1.521","-27.09%"
"03/18/2020","2.495","2.423","3.012","2.134","4.35%"
"03/17/2020","2.391","2.065","2.463","2.046","10.49%"
"03/16/2020","2.164","1.941","2.184","1.934","19.89%"
"03/13/2020","1.805","1.824","1.968","1.605","-4.75%"
"03/12/2020","1.895","1.252","1.877","1.237","59.78%"
"03/11/2020","1.186","1.317","1.319","1.181","-14.43%"
"03/10/2020","1.386","1.434","1.458","1.278","-1.56%"
"03/09/2020","1.408","1.362","1.445","1.234","34.03%"
"03/07/2020","1.051","1.051","1.051","1.051","-2.64%"
"03/06/2020","1.079","1.116","1.189","1.071","1.03%"
"03/05/2020","1.068","1.002","1.104","0.980","5.01%"
"03/04/2020","1.017","1.001","1.037","0.911","3.25%"
"03/03/2020","0.985","1.105","1.125","0.976","-14.64%"
"03/02/2020","1.154","1.096","1.227","1.075","2.40%"
"02/28/2020","1.127","1.198","1.199","1.091","4.93%"
"02/27/2020","1.074","1.020","1.104","1.019","8.05%"
"02/26/2020","0.994","1.013","1.055","0.980","1.22%"
"02/25/2020","0.982","0.989","1.021","0.965","1.45%"
"02/24/2020","0.968","0.977","1.002","0.928","6.43%"
"02/22/2020","0.910","0.910","0.910","0.910","0.28%"
"02/21/2020","0.907","0.893","0.917","0.891","-0.66%"
"02/20/2020","0.913","0.937","0.948","0.890","-3.08%"
"02/19/2020","0.942","0.937","0.950","0.913","1.40%"
"02/18/2020","0.929","0.887","0.938","0.887","2.54%"
"02/17/2020","0.906","0.933","0.935","0.896","-1.95%"
"02/14/2020","0.924","0.919","0.927","0.898","3.12%"
"02/13/2020","0.896","0.898","0.916","0.855","-2.82%"
"02/12/2020","0.922","0.983","0.988","0.912","-5.14%"
"02/11/2020","0.972","0.966","0.981","0.953","2.10%"
"02/10/2020","0.952","0.959","0.975","0.941","0.42%"
"02/07/2020","0.948","0.950","0.975","0.934","-2.17%"
"02/06/2020","0.969","0.968","1.008","0.964","0.21%"
"02/05/2020","0.967","0.926","0.971","0.926","2.00%"
"02/04/2020","0.948","0.969","0.974","0.945","-0.94%"
"02/03/2020","0.957","0.948","0.977","0.932","3.57%"
"01/31/2020","0.924","0.935","0.953","0.919","-1.60%"
"01/30/2020","0.939","0.951","0.985","0.934","-2.49%"
"01/29/2020","0.963","1.007","1.007","0.958","-6.32%"
"01/28/2020","1.028","1.039","1.043","0.995","-1.44%"
"01/27/2020","1.043","1.056","1.073","1.030","-15.20%"
"01/24/2020","1.230","1.284","1.291","1.216","-1.99%"
"01/23/2020","1.255","1.318","1.319","1.255","-7.17%"
"01/22/2020","1.352","1.441","1.448","1.350","-1.02%"
"01/21/2020","1.366","1.358","1.401","1.350","0.44%"
"01/20/2020","1.360","1.364","1.375","1.357","-1.88%"
"01/17/2020","1.386","1.406","1.423","1.367","-3.62%"
"01/16/2020","1.438","1.411","1.443","1.380","3.45%"
"01/15/2020","1.390","1.370","1.397","1.363","0.00%"
"01/14/2020","1.390","1.388","1.401","1.365","0.36%"
"01/13/2020","1.385","1.358","1.395","1.355","3.98%"
"01/10/2020","1.332","1.352","1.355","1.311","-3.48%"
"01/09/2020","1.380","1.404","1.415","1.368","-1.92%"
"01/08/2020","1.407","1.370","1.419","1.370","1.30%"
"01/07/2020","1.389","1.372","1.392","1.362","2.28%"
"01/06/2020","1.358","1.325","1.377","1.322","0.97%"
"01/03/2020","1.345","1.363","1.373","1.331","-5.61%"
"01/02/2020","1.425","1.451","1.493","1.399","1.28%"
"01/01/2020","1.407","1.403","1.407","1.403","-1.40%"
"12/31/2019","1.427","1.440","1.440","1.427","0.35%"
"12/30/2019","1.422","1.388","1.431","1.387","1.86%"
"12/27/2019","1.396","1.410","1.448","1.380","-2.04%"
"12/26/2019","1.425","1.439","1.439","1.425","-0.31%"
"12/25/2019","1.429","1.439","1.439","1.429","-5.08%"
"12/24/2019","1.506","1.439","1.506","1.426","4.66%"
"12/23/2019","1.439","1.399","1.453","1.395","1.27%"
"12/20/2019","1.421","1.397","1.457","1.397","1.79%"
"12/19/2019","1.396","1.372","1.426","1.368","4.33%"
"12/18/2019","1.338","1.278","1.361","1.250","4.94%"
"12/17/2019","1.275","1.278","1.336","1.272","-1.85%"
"12/16/2019","1.299","1.261","1.310","1.261","3.26%"
"12/13/2019","1.258","1.348","1.362","1.256","-6.26%"
"12/12/2019","1.342","1.308","1.353","1.265","1.59%"
"12/11/2019","1.321","1.351","1.365","1.299","-2.00%"
"12/10/2019","1.348","1.363","1.400","1.346","-3.09%"
"12/09/2019","1.391","1.434","1.434","1.376","-3.80%"
"12/07/2019","1.446","1.446","1.446","1.446","-0.07%"
"12/06/2019","1.447","1.466","1.485","1.431","-2.43%"
"12/05/2019","1.483","1.394","1.485","1.383","7.39%"
"12/04/2019","1.381","1.373","1.418","1.362","-0.29%"
"12/03/2019","1.385","1.450","1.489","1.381","-4.22%"
"12/02/2019","1.446","1.384","1.462","1.383","8.07%"
"11/29/2019","1.338","1.333","1.375","1.326","-0.82%"
"11/28/2019","1.349","1.306","1.375","1.298","1.97%"
"11/27/2019","1.323","1.269","1.337","1.255","3.85%"
"11/26/2019","1.274","1.283","1.293","1.239","-0.31%"
"11/25/2019","1.278","1.303","1.307","1.262","-1.46%"
"11/22/2019","1.297","1.318","1.318","1.270","1.17%"
"11/21/2019","1.282","1.288","1.308","1.260","-1.46%"
"11/20/2019","1.301","1.305","1.323","1.279","-2.25%"
"11/19/2019","1.331","1.294","1.357","1.284","2.86%"
"11/18/2019","1.294","1.321","1.322","1.269","-2.38%"
"11/16/2019","1.326","1.317","1.326","1.317","-0.34%"
"11/15/2019","1.330","1.403","1.403","1.316","-7.19%"
"11/14/2019","1.433","1.317","1.439","1.299","7.50%"
"11/13/2019","1.333","1.320","1.346","1.294","2.22%"
"11/12/2019","1.304","1.378","1.381","1.298","-2.83%"
"11/11/2019","1.342","1.287","1.363","1.286","5.13%"
"11/09/2019","1.276","1.276","1.276","1.276","0.35%"
"11/08/2019","1.272","1.230","1.384","1.217","1.76%"
"11/07/2019","1.250","1.109","1.266","1.094","11.21%"
"11/06/2019","1.124","1.137","1.169","1.122","0.99%"
"11/05/2019","1.113","1.098","1.124","1.096","1.74%"
"11/04/2019","1.094","1.121","1.131","1.087","-0.27%"
"11/01/2019","1.097","1.028","1.100","1.021","6.71%"
"10/31/2019","1.028","1.047","1.052","1.020","-6.03%"
"10/30/2019","1.094","1.106","1.109","1.089","-0.27%"
"10/29/2019","1.097","1.089","1.108","1.081","-0.54%"
"10/28/2019","1.103","1.089","1.129","1.072","5.35%"
"10/25/2019","1.047","1.029","1.057","1.014","3.66%"
"10/24/2019","1.010","1.037","1.070","1.003","-3.07%"
"10/23/2019","1.042","1.003","1.062","0.999","1.17%"
"10/22/2019","1.030","1.069","1.076","1.002","-5.42%"
"10/21/2019","1.089","1.033","1.105","1.032","5.73%"
"10/18/2019","1.030","1.009","1.037","0.994","3.52%"
"10/17/2019","0.995","1.014","1.046","0.995","-3.21%"
"10/16/2019","1.028","1.034","1.038","0.983","-0.68%"
"10/15/2019","1.035","1.015","1.053","0.994","1.47%"
"10/14/2019","1.020","1.017","1.044","1.013","-3.41%"
"10/11/2019","1.056","1.052","1.066","1.026","-0.28%"
"10/10/2019","1.059","0.994","1.071","0.991","8.73%"
"10/09/2019","0.974","0.950","0.984","0.948","2.74%"
"10/08/2019","0.948","0.963","0.981","0.941","-0.73%"
"10/07/2019","0.955","0.925","0.956","0.914","14.92%"
"10/04/2019","0.831","0.809","0.836","0.790","0.36%"
"10/03/2019","0.828","0.884","0.896","0.810","-7.59%"
"10/02/2019","0.896","0.861","0.902","0.860","4.67%"
"10/01/2019","0.856","0.830","0.880","0.830","3.38%"
"09/30/2019","0.828","0.851","0.852","0.815","0.12%"
"09/28/2019","0.827","0.827","0.827","0.827","-0.24%"
"09/27/2019","0.829","0.834","0.855","0.822","0.00%"
"09/26/2019","0.829","0.840","0.851","0.826","-0.72%"
"09/25/2019","0.835","0.846","0.851","0.801","0.48%"
"09/24/2019","0.831","0.839","0.859","0.826","-0.36%"
"09/23/2019","0.834","0.904","0.915","0.824","-9.45%"
"09/20/2019","0.921","0.881","0.930","0.863","3.72%"
"09/19/2019","0.888","0.901","0.924","0.872","2.30%"
"09/18/2019","0.868","0.922","0.933","0.865","-6.57%"
"09/17/2019","0.929","0.874","0.934","0.859","8.91%"
"09/16/2019","0.853","0.861","0.917","0.842","-1.95%"
"09/13/2019","0.870","0.900","0.953","0.842","3.08%"
"09/12/2019","0.844","0.973","1.024","0.758","-13.52%"
"09/11/2019","0.976","1.010","1.059","0.967","-4.87%"
"09/10/2019","1.026","0.947","1.039","0.923","7.43%"
"09/09/2019","0.955","0.887","0.967","0.886","7.91%"
"09/08/2019","0.885","0.885","0.885","0.885","0.23%"
"09/06/2019","0.883","0.928","0.942","0.866","-5.86%"
"09/05/2019","0.938","0.821","0.978","0.810","14.11%"
"09/04/2019","0.822","0.803","0.859","0.803","-4.64%"
"09/03/2019","0.862","0.924","0.936","0.855","-11.23%"
"09/02/2019","0.971","1.015","1.015","0.958","-6.00%"
"08/30/2019","1.033","1.024","1.051","0.942","4.34%"
"08/29/2019","0.990","1.020","1.027","0.929","-5.53%"
"08/28/2019","1.048","1.137","1.166","0.978","-7.91%"
"08/27/2019","1.138","1.242","1.273","1.124","-14.63%"
"08/26/2019","1.333","1.331","1.361","1.315","1.52%"
"08/24/2019","1.313","1.313","1.313","1.313","-0.38%"
"08/23/2019","1.318","1.318","1.367","1.295","-1.05%"
"08/22/2019","1.332","1.297","1.370","1.286","-0.37%"
"08/21/2019","1.337","1.348","1.378","1.312","-2.55%"
"08/20/2019","1.372","1.473","1.489","1.324","-4.12%"
"08/19/2019","1.431","1.363","1.503","1.363","2.07%"
"08/18/2019","1.402","1.402","1.402","1.402","3.55%"
"08/16/2019","1.354","1.342","1.419","1.340","0.89%"
"08/15/2019","1.342","1.515","1.553","1.328","-11.42%"
"08/14/2019","1.515","1.578","1.628","1.492","-6.48%"
"08/13/2019","1.620","1.674","1.715","1.615","-6.68%"
"08/12/2019","1.736","1.747","1.777","1.713","-4.46%"
"08/10/2019","1.817","1.817","1.817","1.817","-0.49%"
"08/09/2019","1.826","1.757","1.829","1.695","18.73%"
"08/08/2019","1.538","1.508","1.576","1.471","7.33%"
"08/07/2019","1.433","1.472","1.503","1.380","-5.04%"
"08/06/2019","1.509","1.523","1.547","1.498","-3.52%"
"08/05/2019","1.564","1.478","1.568","1.473","1.49%"
"08/02/2019","1.541","1.599","1.623","1.529","-1.47%"
"08/01/2019","1.564","1.584","1.626","1.531","1.10%"
"07/31/2019","1.547","1.569","1.583","1.536","-2.27%"
"07/30/2019","1.583","1.591","1.647","1.582","0.13%"
"07/29/2019","1.581","1.546","1.585","1.518","0.76%"
"07/27/2019","1.569","1.569","1.569","1.569","-0.38%"
"07/26/2019","1.575","1.501","1.588","1.501","3.35%"
"07/25/2019","1.524","1.491","1.574","1.380","1.80%"
"07/24/2019","1.497","1.594","1.594","1.469","-6.61%"
"07/23/2019","1.603","1.643","1.655","1.592","-3.84%"
"07/22/2019","1.667","1.595","1.671","1.576","3.67%"
"07/20/2019","1.608","1.608","1.608","1.608","0.25%"
"07/19/2019","1.604","1.541","1.642","1.541","2.95%"
"07/18/2019","1.558","1.597","1.604","1.506","-2.87%"
"07/17/2019","1.604","1.597","1.617","1.568","-0.50%"
"07/16/2019","1.612","1.636","1.637","1.583","-1.71%"
"07/15/2019","1.640","1.707","1.708","1.635","-5.31%"
"07/13/2019","1.732","1.732","1.732","1.732","-0.06%"
"07/12/2019","1.733","1.694","1.755","1.679","1.05%"
"07/11/2019","1.715","1.714","1.722","1.665","-1.49%"
"07/10/2019","1.741","1.759","1.786","1.723","0.00%"
"07/09/2019","1.741","1.773","1.775","1.722","-2.19%"
"07/08/2019","1.780","1.702","1.786","1.692","2.06%"
"07/07/2019","1.744","1.744","1.744","1.744","-0.11%"
"07/05/2019","1.746","1.642","1.782","1.630","4.61%"
"07/04/2019","1.669","1.576","1.676","1.576","3.54%"
"07/03/2019","1.612","1.765","1.793","1.599","-13.19%"
"07/02/2019","1.857","1.926","1.928","1.830","-7.20%"
"07/01/2019","2.001","2.082","2.083","1.921","-4.26%"
"06/29/2019","2.090","2.090","2.090","2.090","0.00%"
"06/28/2019","2.090","2.104","2.111","2.071","-2.02%"
"06/27/2019","2.133","2.147","2.168","2.128","-0.47%"
"06/26/2019","2.143","2.164","2.188","2.127","-0.65%"
"06/25/2019","2.157","2.163","2.213","2.142","-0.14%"
"06/24/2019","2.160","2.123","2.163","2.076","-0.14%"
"06/21/2019","2.163","2.133","2.168","2.085","0.56%"
"06/20/2019","2.151","2.027","2.154","2.014","1.41%"
"06/19/2019","2.121","2.118","2.159","2.061","0.76%"
"06/18/2019","2.105","2.294","2.295","2.061","-8.04%"
"06/17/2019","2.289","2.319","2.331","2.283","-1.29%"
"06/16/2019","2.319","2.319","2.319","2.319","-0.90%"
"06/14/2019","2.340","2.335","2.351","2.297","-1.27%"
"06/13/2019","2.370","2.430","2.439","2.359","0.04%"
"06/12/2019","2.369","2.391","2.435","2.359","-0.55%"
"06/11/2019","2.382","2.336","2.372","2.292","0.59%"
"06/10/2019","2.368","2.372","2.435","2.350","0.30%"
"06/07/2019","2.361","2.465","2.465","2.282","-5.22%"
"06/06/2019","2.491","2.444","2.547","2.444","0.16%"
"06/05/2019","2.487","2.518","2.631","2.481","-1.50%"
"06/04/2019","2.525","2.591","2.596","2.467","-1.90%"
"06/03/2019","2.574","2.681","2.696","2.563","-3.16%"
"06/02/2019","2.658","2.658","2.658","2.658","-0.19%"
"05/31/2019","2.663","2.722","2.743","2.626","0.53%"
"05/30/2019","2.649","2.647","2.656","2.599","0.15%"
"05/29/2019","2.645","2.702","2.708","2.614","-1.60%"
"05/28/2019","2.688","2.707","2.731","2.673","1.13%"
"05/27/2019","2.658","2.576","2.670","2.550","3.95%"
"05/25/2019","2.557","2.557","2.557","2.557","0.27%"
"05/24/2019","2.550","2.622","2.622","2.547","-3.37%"
"05/23/2019","2.639","2.641","2.671","2.632","0.19%"
"05/22/2019","2.634","2.630","2.661","2.628","-0.34%"
"05/21/2019","2.643","2.699","2.722","2.642","-2.29%"
"05/20/2019","2.705","2.675","2.710","2.649","1.20%"
"05/19/2019","2.673","2.673","2.673","2.673","0.00%"
"05/17/2019","2.673","2.690","2.691","2.621","-0.45%"
"05/16/2019","2.685","2.757","2.759","2.678","-2.26%"
"05/15/2019","2.747","2.753","2.807","2.735","0.29%"
"05/14/2019","2.739","2.710","2.755","2.687","0.74%"
"05/13/2019","2.719","2.701","2.742","2.686","1.27%"
"05/10/2019","2.685","2.664","2.692","2.651","0.30%"
"05/09/2019","2.677","2.639","2.690","2.639","2.80%"
"05/08/2019","2.604","2.617","2.698","2.590","-1.06%"
"05/07/2019","2.632","2.583","2.619","2.549","1.31%"
"05/06/2019","2.598","2.588","2.616","2.569","1.76%"
"05/05/2019","2.553","2.553","2.553","2.553","-0.08%"
"05/03/2019","2.555","2.556","2.578","2.545","0.04%"
"05/02/2019","2.554","2.568","2.570","2.525","-0.43%"
"04/30/2019","2.565","2.603","2.645","2.559","-0.89%"
"04/29/2019","2.588","2.549","2.603","2.540","0.19%"
"04/27/2019","2.583","2.583","2.583","2.583","0.08%"
"04/26/2019","2.581","2.689","2.696","2.579","-4.12%"
"04/25/2019","2.692","2.654","2.704","2.643","0.45%"
"04/24/2019","2.680","2.673","2.685","2.621","0.00%"
"04/23/2019","2.680","2.636","2.704","2.636","3.20%"
"04/21/2019","2.597","2.597","2.597","2.597","-0.57%"
"04/18/2019","2.612","2.623","2.623","2.575","-0.15%"
"04/17/2019","2.616","2.601","2.640","2.592","0.77%"
"04/16/2019","2.596","2.569","2.638","2.555","0.43%"
"04/15/2019","2.585","2.525","2.586","2.516","1.57%"
"04/13/2019","2.545","2.545","2.545","2.545","0.04%"
"04/12/2019","2.544","2.527","2.545","2.489","1.23%"
"04/11/2019","2.513","2.582","2.584","2.505","-1.68%"
"04/10/2019","2.556","2.541","2.563","2.530","-0.81%"
"04/09/2019","2.577","2.636","2.638","2.574","-2.31%"
"04/08/2019","2.638","2.638","2.653","2.618","6.46%"
"04/07/2019","2.478","2.478","2.478","2.478","0.32%"
"04/05/2019","2.470","2.533","2.533","2.471","-1.55%"
"04/04/2019","2.509","2.546","2.581","2.506","-1.41%"
"04/03/2019","2.545","2.551","2.555","2.483","0.59%"
"04/02/2019","2.530","2.515","2.552","2.509","0.56%"
"04/01/2019","2.516","2.536","2.566","2.500","1.41%"
"03/30/2019","2.481","2.489","2.489","2.481","-0.08%"
"03/29/2019","2.483","2.488","2.513","2.458","0.24%"
"03/28/2019","2.477","2.479","2.522","2.456","1.60%"
"03/27/2019","2.438","2.450","2.552","2.437","-1.30%"
"03/26/2019","2.470","2.501","2.519","2.468","-1.83%"
"03/25/2019","2.516","2.496","2.519","2.453","2.15%"
"03/23/2019","2.463","2.463","2.463","2.463","0.57%"
"03/22/2019","2.449","2.450","2.530","2.438","0.25%"
"03/21/2019","2.443","2.485","2.485","2.435","-2.71%"
"03/20/2019","2.511","2.497","2.546","2.492","0.97%"
"03/19/2019","2.487","2.459","2.513","2.447","1.02%"
"03/18/2019","2.462","2.474","2.484","2.423","-1.68%"
"03/17/2019","2.504","2.504","2.504","2.504","-0.48%"
"03/16/2019","2.516","2.516","2.516","2.516","0.72%"
"03/15/2019","2.498","2.510","2.538","2.481","-0.04%"
"03/14/2019","2.499","2.559","2.560","2.489","-2.38%"
"03/13/2019","2.560","2.554","2.585","2.540","0.83%"
"03/12/2019","2.539","2.550","2.578","2.537","-0.94%"
"03/11/2019","2.563","2.513","2.572","2.508","1.55%"
"03/09/2019","2.524","2.524","2.524","2.524","0.72%"
"03/08/2019","2.506","2.504","2.531","2.482","0.76%"
"03/07/2019","2.487","2.615","2.648","2.474","-4.86%"
"03/06/2019","2.614","2.708","2.715","2.595","-3.44%"
"03/05/2019","2.707","2.755","2.762","2.693","-1.06%"
"03/04/2019","2.736","2.739","2.797","2.732","0.11%"
"03/03/2019","2.733","2.733","2.733","2.733","-1.66%"
"03/02/2019","2.779","2.779","2.779","2.779","1.68%"
"03/01/2019","2.733","2.731","2.773","2.714","-0.98%"
"02/28/2019","2.760","2.760","2.799","2.750","-0.86%"
"02/27/2019","2.784","2.724","2.796","2.709","2.69%"
"02/26/2019","2.711","2.763","2.767","2.707","-1.95%"
"02/25/2019","2.765","2.780","2.808","2.751","-3.83%"
"02/23/2019","2.875","2.854","2.875","2.854","0.77%"
"02/22/2019","2.853","2.864","2.894","2.846","0.85%"
"02/21/2019","2.829","2.890","2.898","2.799","-1.08%"
"02/20/2019","2.860","2.802","2.870","2.793","2.62%"
"02/19/2019","2.787","2.741","2.837","2.739","0.69%"
"02/18/2019","2.768","2.774","2.801","2.751","-1.21%"
"02/17/2019","2.802","2.802","2.802","2.802","-0.60%"
"02/16/2019","2.819","2.819","2.819","2.819","0.68%"
"02/15/2019","2.800","2.833","2.902","2.799","-0.21%"
"02/14/2019","2.806","2.765","2.822","2.765","0.75%"
"02/13/2019","2.785","2.867","2.872","2.784","-2.07%"
"02/12/2019","2.844","2.867","2.874","2.841","-1.59%"
"02/11/2019","2.890","2.967","2.984","2.889","-2.69%"
"02/09/2019","2.970","2.973","2.973","2.970","-0.24%"
"02/08/2019","2.977","2.935","3.026","2.918","0.98%"
"02/07/2019","2.948","2.877","2.972","2.866","3.91%"
"02/06/2019","2.837","2.811","2.850","2.806","1.50%"
"02/05/2019","2.795","2.758","2.810","2.727","1.53%"
"02/04/2019","2.753","2.794","2.806","2.719","0.77%"
"02/02/2019","2.732","2.732","2.732","2.732","-0.07%"
"02/01/2019","2.734","2.606","2.783","2.599","5.48%"
"01/31/2019","2.592","2.566","2.608","2.566","-0.31%"
"01/30/2019","2.600","2.641","2.654","2.595","-1.29%"
"01/29/2019","2.634","2.670","2.680","2.626","-1.27%"
"01/28/2019","2.668","2.662","2.706","2.661","0.76%"
"01/27/2019","2.648","2.648","2.648","2.648","-1.82%"
"01/26/2019","2.697","2.697","2.697","2.697","1.81%"
"01/25/2019","2.649","2.652","2.681","2.626","-0.82%"
"01/24/2019","2.671","2.743","2.749","2.664","-3.05%"
"01/23/2019","2.755","2.756","2.779","2.731","0.15%"
"01/22/2019","2.751","2.761","2.763","2.733","-0.25%"
"01/21/2019","2.758","2.734","2.779","2.731","0.84%"
"01/19/2019","2.735","2.778","2.778","2.735","0.04%"
"01/18/2019","2.734","2.753","2.763","2.706","-0.94%"
"01/17/2019","2.760","2.755","2.793","2.709","0.04%"
"01/16/2019","2.759","2.836","2.836","2.756","-3.83%"
"01/15/2019","2.869","2.845","2.886","2.823","0.70%"
"01/14/2019","2.849","2.879","2.903","2.825","-2.10%"
"01/12/2019","2.910","2.910","2.910","2.910","1.57%"
"01/11/2019","2.865","2.892","2.892","2.826","-1.00%"
"01/10/2019","2.894","2.901","2.924","2.881","-0.17%"
"01/09/2019","2.899","2.959","2.991","2.885","-2.23%"
"01/08/2019","2.965","2.915","2.986","2.886","2.10%"
"01/07/2019","2.904","2.867","2.933","2.864","0.45%"
"01/06/2019","2.891","2.891","2.891","2.891","-0.62%"
"01/05/2019","2.909","2.909","2.909","2.909","0.59%"
"01/04/2019","2.892","2.847","2.913","2.811","0.14%"
"01/03/2019","2.888","2.719","2.893","2.711","7.32%"
"01/02/2019","2.691","2.750","2.760","2.672","-2.11%"
"01/01/2019","2.749","2.743","2.782","2.743","-0.87%"